latitude,longitude,event_date,rainfall_mm_day,rainfall_source
26.463729,93.446851,2025-09-13,29.75499725341797,IMERG_Final_V07
23.163367,92.890406,2024-06-01,4.125,IMERG_Final_V07
28.152825,95.157224,2024-07-07,0.7799999713897705,IMERG_Final_V07
25.610245,93.795997,2025-05-31,34.03499984741211,IMERG_Final_V07
23.39112,92.411991,2023-08-03,8.530000686645508,IMERG_Final_V07
27.510278,96.025177,2025-06-01,5.134998798370361,IMERG_Final_V07
29.00634,94.24856,2024-05-28,2.669999837875366,IMERG_Final_V07
27.959768,93.235945,2014-09-23,6.284999847412109,IMERG_Final_V07
26.379686,90.460511,2013-08-28,10.054999351501465,IMERG_Final_V07
24.907849,94.004507,2012-06-07,0.23499998450279236,IMERG_Final_V07
28.202527,94.899033,2025-05-31,5.0199995040893555,IMERG_Final_V07
26.38018,92.515972,2025-06-25,2.9800000190734863,IMERG_Final_V07
28.65297,95.31841,2007-08-28,6.484999656677246,IMERG_Final_V07
25.269592,91.024835,2023-09-27,0.8550000190734863,IMERG_Final_V07
25.366164,94.461493,2024-07-02,1.5799999237060547,IMERG_Final_V07
28.147521,94.716673,2024-06-28,112.30999755859375,IMERG_Final_V07
26.268132,94.168649,2024-05-28,63.355003356933594,IMERG_Final_V07
26.083514,93.522465,2024-10-04,13.220001220703125,IMERG_Final_V07
26.601448,93.601148,2024-07-02,6.9800004959106445,IMERG_Final_V07
24.15858,92.018557,2024-09-24,53.63500213623047,IMERG_Final_V07
26.292357,95.023315,2024-05-28,76.77000427246094,IMERG_Final_V07
26.519943,90.6476,2025-06-11,1.6099998950958252,IMERG_Final_V07
27.193402,92.487861,2016-04-23,0.10500000417232513,IMERG_Final_V07
26.53334,92.380854,2025-05-31,8.930000305175781,IMERG_Final_V07
27.866807,88.79395,2025-05-31,14.795000076293945,IMERG_Final_V07
28.500297,95.80211,2024-06-17,3.825000286102295,IMERG_Final_V07
26.628634,91.757556,2025-05-31,24.75499725341797,IMERG_Final_V07
26.088517,91.909109,2025-05-30,120.2149887084961,IMERG_Final_V07
24.460136,93.973828,2024-05-28,99.96499633789062,IMERG_Final_V07
24.220985,93.783445,2025-05-31,13.899999618530273,IMERG_Final_V07
23.954213,91.636002,2024-07-02,20.414997100830078,IMERG_Final_V07
24.865074,93.972289,2016-05-22,2.390000104904175,IMERG_Final_V07
25.629587,91.050251,2024-05-28,12.095001220703125,IMERG_Final_V07
29.106735,95.993175,2016-05-22,35.679996490478516,IMERG_Final_V07
29.052951,94.279385,2016-05-22,0.2549999952316284,IMERG_Final_V07
27.219002,92.262175,2024-05-28,12.774999618530273,IMERG_Final_V07
24.541466,92.231465,2024-05-28,77.06999969482422,IMERG_Final_V07
26.184535,93.989692,2025-05-30,60.589988708496094,IMERG_Final_V07
26.496271,91.354061,2024-05-28,19.584999084472656,IMERG_Final_V07
25.757585,92.779348,2025-05-31,54.44000244140625,IMERG_Final_V07
25.636532,91.978014,2025-05-31,52.91999053955078,IMERG_Final_V07
26.284343,91.742207,2024-07-02,4.434999942779541,IMERG_Final_V07
27.673675,95.58938,2025-06-01,8.0,IMERG_Final_V07
26.922652,94.719341,2024-05-24,12.834999084472656,IMERG_Final_V07
27.509529,93.954254,2016-05-22,3.950000286102295,IMERG_Final_V07
23.805201,92.288421,2009-06-20,8.180001258850098,IMERG_Final_V07
26.487858,91.455015,2017-06-13,61.410003662109375,IMERG_Final_V07
26.112282,92.752977,2016-05-22,3.1200003623962402,IMERG_Final_V07
27.416401,92.236234,2025-05-31,11.805000305175781,IMERG_Final_V07
27.995504,96.986194,2024-07-02,0.4399999976158142,IMERG_Final_V07
25.890855,94.558102,2023-04-13,0.0,IMERG_Final_V07
27.256378,94.305877,2016-06-22,11.879999160766602,IMERG_Final_V07
22.669703,92.736961,2012-06-22,7.97499942779541,IMERG_Final_V07
27.126705,93.126159,2021-08-22,2.640000104904175,IMERG_Final_V07
27.242974,88.518896,2024-05-28,1.3049999475479126,IMERG_Final_V07
27.569235,93.109273,2025-05-31,21.46500015258789,IMERG_Final_V07
28.913347,96.289189,2024-06-01,0.17499999701976776,IMERG_Final_V07
24.039511,94.183911,2017-07-09,11.6850004196167,IMERG_Final_V07
24.920225,94.04579,2025-06-01,51.284996032714844,IMERG_Final_V07
26.222396,94.108464,2018-08-23,3.7649998664855957,IMERG_Final_V07
28.58364,94.340556,2024-06-18,51.355003356933594,IMERG_Final_V07
26.410757,91.51373,2022-10-15,0.0,IMERG_Final_V07
27.350908,93.572684,2025-06-01,21.68000030517578,IMERG_Final_V07
23.531309,92.858399,2024-05-28,81.0149917602539,IMERG_Final_V07
25.213681,93.350167,2017-07-04,15.605003356933594,IMERG_Final_V07
27.10073,93.93044,2020-06-02,17.450000762939453,IMERG_Final_V07
25.157346,90.472015,2016-05-22,0.0,IMERG_Final_V07
27.791563,92.942553,2025-06-01,22.844999313354492,IMERG_Final_V07
28.524425,95.346083,2024-05-28,33.65999984741211,IMERG_Final_V07
24.928346,93.574312,2025-06-01,39.93500518798828,IMERG_Final_V07
25.838926,94.555641,2025-06-01,12.28499984741211,IMERG_Final_V07
27.169327,94.619202,2025-06-01,4.710000038146973,IMERG_Final_V07
26.123043,91.908998,2025-05-31,16.71500015258789,IMERG_Final_V07
25.114774,93.473721,2023-10-02,0.0,IMERG_Final_V07
26.230745,91.892269,2024-05-26,28.645000457763672,IMERG_Final_V07
25.64667,92.079661,2018-05-18,0.0,IMERG_Final_V07
26.174956,91.595953,2024-06-15,63.65999221801758,IMERG_Final_V07
27.300646,94.378307,2007-09-10,24.81999969482422,IMERG_Final_V07
25.681866,90.953997,2024-07-02,12.829998016357422,IMERG_Final_V07
26.124846,93.00418,2008-06-19,2.549999952316284,IMERG_Final_V07
25.722462,92.2455,2024-05-28,32.41500473022461,IMERG_Final_V07
25.940242,92.19692,2024-07-02,9.90999984741211,IMERG_Final_V07
25.638804,90.116149,2024-07-02,13.835000038146973,IMERG_Final_V07
27.264254,92.09915,2024-05-29,1.309999942779541,IMERG_Final_V07
27.164915,94.216009,2023-07-28,34.66499710083008,IMERG_Final_V07
27.462709,92.421925,2022-09-30,0.3649999797344208,IMERG_Final_V07
28.638706,95.157057,2022-05-15,6.474999904632568,IMERG_Final_V07
24.5723,93.529338,2025-06-15,30.34499740600586,IMERG_Final_V07
28.11538,97.170783,2024-05-28,23.069997787475586,IMERG_Final_V07
23.19849,92.882414,2024-08-13,0.0,IMERG_Final_V07
28.331528,94.815007,2023-09-12,0.8400000333786011,IMERG_Final_V07
26.361025,90.29661,2024-05-28,62.099998474121094,IMERG_Final_V07
25.628396,94.306306,2024-05-28,88.49498748779297,IMERG_Final_V07
25.345325,91.418912,2009-07-01,154.85501098632812,IMERG_Final_V07
25.909065,94.280363,2024-07-02,10.119998931884766,IMERG_Final_V07
24.458634,92.241221,2024-06-01,0.6949999928474426,IMERG_Final_V07
26.646084,90.889514,2026-05-30,0.0,IMERG_Late_V07
25.820957,94.119182,2025-06-01,13.754999160766602,IMERG_Final_V07
26.609935,92.088514,2007-07-17,2.049999952316284,IMERG_Final_V07
26.217541,93.061465,2024-05-28,49.869998931884766,IMERG_Final_V07
27.535831,93.812493,2021-04-28,10.425000190734863,IMERG_Final_V07
27.518076,91.786095,2024-07-02,3.6550002098083496,IMERG_Final_V07
28.487773,94.158653,2023-08-10,4.460000038146973,IMERG_Final_V07
27.955653,93.310498,2018-05-18,1.0450000762939453,IMERG_Final_V07
25.890612,92.0457,2024-06-07,8.22499942779541,IMERG_Final_V07
27.820091,97.115108,2016-05-22,57.77001190185547,IMERG_Final_V07
26.917221,93.766913,2025-06-01,5.449999809265137,IMERG_Final_V07
27.645255,91.923106,2024-05-28,0.30000001192092896,IMERG_Final_V07
26.305898,92.79322,2024-06-12,9.225000381469727,IMERG_Final_V07
27.012906,92.563507,2024-05-28,46.26999282836914,IMERG_Final_V07
27.631649,88.390532,2024-05-28,4.3349995613098145,IMERG_Final_V07
27.971594,88.729488,2024-06-28,5.809999465942383,IMERG_Final_V07
28.083943,95.558176,2024-05-28,27.40999984741211,IMERG_Final_V07
23.876389,93.346398,2016-05-17,51.56500244140625,IMERG_Final_V07
23.92703,94.152119,2024-08-25,37.81499481201172,IMERG_Final_V07
23.414603,91.573296,2022-06-17,66.20001220703125,IMERG_Final_V07
23.345869,91.528557,2024-08-13,0.3349999785423279,IMERG_Final_V07
25.168349,93.154747,2016-05-22,0.755000114440918,IMERG_Final_V07
25.944543,91.53376,2024-07-09,14.594999313354492,IMERG_Final_V07
25.722888,91.148096,2025-05-31,15.889999389648438,IMERG_Final_V07
27.141419,92.851021,2016-05-22,3.554999351501465,IMERG_Final_V07
28.264937,95.974532,2024-05-28,31.154998779296875,IMERG_Final_V07
27.217694,93.566993,2025-01-19,0.0,IMERG_Final_V07
27.534105,96.374007,2024-05-28,56.21499252319336,IMERG_Final_V07
28.059464,97.098106,2022-05-14,12.845000267028809,IMERG_Final_V07
28.327295,94.319193,2014-09-22,23.374998092651367,IMERG_Final_V07
24.36059,93.005262,2020-06-02,2.8450002670288086,IMERG_Final_V07
27.89953,88.423202,2024-05-28,0.6599999666213989,IMERG_Final_V07
25.170488,91.480817,2024-07-02,5.755000114440918,IMERG_Final_V07
27.149139,95.550149,2013-08-18,0.0,IMERG_Final_V07
24.879842,94.651242,2024-07-07,15.605000495910645,IMERG_Final_V07
27.705526,94.660517,2016-07-14,28.485000610351562,IMERG_Final_V07
28.71238,94.164135,2020-06-02,17.145000457763672,IMERG_Final_V07
26.575967,92.36669,2025-05-31,8.930000305175781,IMERG_Final_V07
25.745227,93.314899,2024-10-07,13.280000686645508,IMERG_Final_V07
25.981654,91.936586,2025-06-02,7.529999256134033,IMERG_Final_V07
25.281027,92.066343,2024-05-28,82.30499267578125,IMERG_Final_V07
27.42307,92.718578,2024-05-28,32.48999786376953,IMERG_Final_V07
27.996196,93.085517,2025-06-01,12.459999084472656,IMERG_Final_V07
26.914966,92.610118,2024-05-28,33.46500015258789,IMERG_Final_V07
26.804087,92.84772,2024-05-28,40.41500473022461,IMERG_Final_V07
26.399713,92.317463,2007-09-07,52.32000732421875,IMERG_Final_V07
25.788967,90.232556,2025-05-30,35.95499801635742,IMERG_Final_V07
26.784301,94.537906,2025-07-07,17.469999313354492,IMERG_Final_V07
26.795908,95.354246,2019-07-16,0.0,IMERG_Final_V07
27.010518,93.154722,2007-08-12,9.194999694824219,IMERG_Final_V07
26.529789,91.622357,2025-06-01,71.18999481201172,IMERG_Final_V07
26.455643,93.214573,2025-06-01,0.8700000047683716,IMERG_Final_V07
26.42718,94.584889,2016-05-22,1.2249999046325684,IMERG_Final_V07
25.694809,91.208657,2025-07-31,0.0,IMERG_Final_V07
25.456659,90.851103,2024-05-28,5.25499963760376,IMERG_Final_V07
25.770189,94.155492,2019-06-27,4.860000133514404,IMERG_Final_V07
25.826312,94.555343,2025-06-01,12.28499984741211,IMERG_Final_V07
27.592414,93.848399,2021-08-23,7.199999809265137,IMERG_Final_V07
28.794697,95.27175,2025-06-01,30.57000160217285,IMERG_Final_V07
26.784905,92.349214,2025-06-25,0.0,IMERG_Final_V07
26.863531,92.554523,2025-06-01,11.47499942779541,IMERG_Final_V07
25.581621,92.623774,2007-07-25,135.9449920654297,IMERG_Final_V07
26.166236,94.118349,2016-07-01,22.170001983642578,IMERG_Final_V07
28.42937,93.659441,2025-06-01,7.77500057220459,IMERG_Final_V07
24.686894,94.257312,2024-05-28,80.05500793457031,IMERG_Final_V07
25.675447,89.949889,2025-07-06,0.559999942779541,IMERG_Final_V07
28.130256,97.031184,2016-05-22,44.40499496459961,IMERG_Final_V07
27.509414,95.905712,2009-07-01,25.509998321533203,IMERG_Final_V07
27.21669,95.132797,2025-07-07,5.929999351501465,IMERG_Final_V07
23.64605,91.197694,2024-07-02,59.07999801635742,IMERG_Final_V07
25.540839,92.911584,2024-05-28,57.83500671386719,IMERG_Final_V07
29.035075,94.632377,2024-07-01,8.59000015258789,IMERG_Final_V07
25.880601,90.032445,2024-07-02,12.829999923706055,IMERG_Final_V07
26.357941,94.362581,2025-06-01,5.6449995040893555,IMERG_Final_V07
27.286547,93.06638,2024-07-02,14.539999008178711,IMERG_Final_V07
25.958958,90.361444,2024-05-28,28.889999389648438,IMERG_Final_V07
23.983639,91.873351,2024-05-28,28.619997024536133,IMERG_Final_V07
24.92371,92.897921,2020-02-02,0.0,IMERG_Final_V07
29.083635,94.769225,2024-07-06,23.05000114440918,IMERG_Final_V07
25.80429,91.356515,2025-06-01,24.329998016357422,IMERG_Final_V07
26.503588,92.398243,2025-06-01,24.935001373291016,IMERG_Final_V07
25.835309,93.083196,2023-09-17,19.249998092651367,IMERG_Final_V07
23.367151,92.987295,2024-07-02,39.73499298095703,IMERG_Final_V07
25.693512,92.304079,2021-06-06,43.53499984741211,IMERG_Final_V07
27.439583,94.008614,2024-05-28,55.720001220703125,IMERG_Final_V07
26.574001,91.689929,2016-04-23,17.419998168945312,IMERG_Final_V07
25.386766,91.422419,2008-08-02,10.425000190734863,IMERG_Final_V07
28.885165,95.777255,2024-05-28,36.82999801635742,IMERG_Final_V07
25.481597,93.976119,2025-05-31,38.95000076293945,IMERG_Final_V07
24.191555,93.427035,2022-06-15,9.21500015258789,IMERG_Final_V07
28.538464,94.756165,2020-05-26,40.67500686645508,IMERG_Final_V07
28.138701,94.672009,2016-05-22,26.219999313354492,IMERG_Final_V07
24.831526,92.964362,2025-06-01,37.795005798339844,IMERG_Final_V07
26.53003,93.012103,2024-07-02,2.9599997997283936,IMERG_Final_V07
27.351685,88.23069,2025-06-01,4.739999771118164,IMERG_Final_V07
27.421331,94.942175,2022-10-10,25.364999771118164,IMERG_Final_V07
26.047447,90.302822,2018-06-14,82.76998901367188,IMERG_Final_V07
25.53996,91.670479,2025-05-31,70.70499420166016,IMERG_Final_V07
23.163641,91.574205,2025-09-13,27.199993133544922,IMERG_Final_V07
25.28964,91.667764,2020-07-12,36.92499542236328,IMERG_Final_V07
24.154808,92.333056,2025-05-29,71.71499633789062,IMERG_Final_V07
25.308231,93.281501,2024-05-28,114.24002075195312,IMERG_Final_V07
28.230479,95.548263,2024-05-28,37.60499572753906,IMERG_Final_V07
26.382869,94.934732,2024-07-07,32.93000030517578,IMERG_Final_V07
26.043355,90.963826,2025-06-02,45.76000213623047,IMERG_Final_V07
29.08798,96.066471,2024-08-08,0.3399999737739563,IMERG_Final_V07
26.340854,91.844166,2024-09-12,0.0,IMERG_Final_V07
28.863375,94.530637,2024-05-28,10.0,IMERG_Final_V07
27.899078,95.894281,2026-03-16,37.96000289916992,IMERG_Late_V07
25.980953,92.376744,2007-08-28,9.514999389648438,IMERG_Final_V07
23.507404,93.049958,2025-06-01,132.32000732421875,IMERG_Final_V07
27.920247,93.660555,2024-05-28,25.240001678466797,IMERG_Final_V07
25.346183,92.740806,2024-08-13,0.0,IMERG_Final_V07
28.783147,96.507509,2025-05-31,30.9950008392334,IMERG_Final_V07
25.33057,92.924809,2024-07-02,9.229999542236328,IMERG_Final_V07
26.714971,91.422735,2022-05-15,94.69500732421875,IMERG_Final_V07
24.370533,92.718103,2022-10-02,27.19499969482422,IMERG_Final_V07
26.177945,93.310551,2025-05-31,32.5,IMERG_Final_V07
26.073833,94.64407,2025-06-02,7.744998931884766,IMERG_Final_V07
25.654682,93.693154,2024-05-28,88.02001190185547,IMERG_Final_V07
27.800086,95.227295,2007-06-16,52.6300048828125,IMERG_Final_V07
27.33091,94.205508,2024-05-28,46.00000762939453,IMERG_Final_V07
28.754721,96.41914,2024-05-28,15.319997787475586,IMERG_Final_V07
28.864527,95.64722,2025-05-29,31.839998245239258,IMERG_Final_V07
27.411579,94.282346,2025-06-01,22.594999313354492,IMERG_Final_V07
25.774034,90.824559,2024-05-28,9.550000190734863,IMERG_Final_V07
27.721844,88.734628,2025-05-31,11.460000038146973,IMERG_Final_V07
26.173414,91.759264,2024-05-28,27.38500213623047,IMERG_Final_V07
26.57812,91.968664,2024-09-24,1.869999885559082,IMERG_Final_V07
28.114753,94.404352,2024-05-28,32.349998474121094,IMERG_Final_V07
28.336579,96.839566,2024-05-28,22.035001754760742,IMERG_Final_V07
26.057934,92.744386,2009-08-20,20.17500114440918,IMERG_Final_V07
27.38818,92.095955,2024-05-28,5.474999904632568,IMERG_Final_V07
25.528079,94.597157,2016-05-22,0.7199999690055847,IMERG_Final_V07
28.736895,94.948115,2025-05-31,3.169999837875366,IMERG_Final_V07
27.651035,88.350857,2024-05-28,4.3349995613098145,IMERG_Final_V07
27.184337,95.947162,2024-09-17,6.92500114440918,IMERG_Final_V07
29.132767,94.549456,2007-07-19,52.655006408691406,IMERG_Final_V07
25.780125,92.800716,2024-05-28,38.909996032714844,IMERG_Final_V07
29.163431,94.699754,2025-09-13,4.845000267028809,IMERG_Final_V07
28.931972,96.268231,2024-05-28,18.450002670288086,IMERG_Final_V07
25.21692,93.256955,2025-06-06,1.7450001239776611,IMERG_Final_V07
29.115468,96.035224,2024-07-02,0.28999999165534973,IMERG_Final_V07
28.472765,93.301603,2024-06-01,0.0,IMERG_Final_V07
25.883033,90.049783,2024-07-07,5.009999752044678,IMERG_Final_V07
26.777234,91.908352,2014-09-23,0.07999999821186066,IMERG_Final_V07
28.628646,95.443174,2008-06-19,12.144999504089355,IMERG_Final_V07
28.248015,95.271603,2018-05-18,3.2200002670288086,IMERG_Final_V07
27.981736,93.74129,2022-11-14,0.0,IMERG_Final_V07
25.757751,92.024695,2024-07-02,8.550000190734863,IMERG_Final_V07
26.49368,93.51559,2024-06-02,12.48499870300293,IMERG_Final_V07
23.919154,91.499889,2010-06-20,10.19999885559082,IMERG_Final_V07
25.922898,92.895056,2024-05-28,57.345001220703125,IMERG_Final_V07
26.521845,94.614608,2024-10-07,1.1150000095367432,IMERG_Final_V07
27.686591,92.614633,2025-05-31,3.880000114440918,IMERG_Final_V07
24.028671,93.756315,2014-07-01,6.329999923706055,IMERG_Final_V07
25.787048,94.312207,2025-05-31,27.34000015258789,IMERG_Final_V07
28.658629,94.000792,2024-05-28,7.554999351501465,IMERG_Final_V07
24.028236,93.803522,2024-05-28,66.56500244140625,IMERG_Final_V07
26.542344,94.009885,2020-05-24,1.0249998569488525,IMERG_Final_V07
27.596747,95.056582,2024-05-28,39.11499786376953,IMERG_Final_V07
26.286315,91.534725,2024-05-28,18.829998016357422,IMERG_Final_V07
22.909111,93.072425,2018-06-14,9.059999465942383,IMERG_Final_V07
27.17636,94.701067,2025-06-01,3.6649997234344482,IMERG_Final_V07
28.785426,95.955957,2024-09-28,1.9599997997283936,IMERG_Final_V07
26.938325,92.322014,2024-05-28,16.94000244140625,IMERG_Final_V07
27.723237,95.935407,2025-05-31,22.2549991607666,IMERG_Final_V07
26.426151,94.705846,2019-07-10,35.66999435424805,IMERG_Final_V07
26.656335,91.108782,2025-06-01,70.09500885009766,IMERG_Final_V07
28.027873,95.676015,2024-05-28,23.715002059936523,IMERG_Final_V07
26.397696,93.984482,2024-09-28,3.8350000381469727,IMERG_Final_V07
26.604114,93.925524,2025-06-02,14.309999465942383,IMERG_Final_V07
27.346167,88.613248,2024-07-02,12.559999465942383,IMERG_Final_V07
26.165689,91.319403,2024-05-28,16.760000228881836,IMERG_Final_V07
27.825099,94.131145,2025-06-01,4.235000133514404,IMERG_Final_V07
27.382464,88.046422,2024-05-28,0.10500000417232513,IMERG_Final_V07
25.123555,92.289667,2025-06-01,46.90500259399414,IMERG_Final_V07
26.712676,92.738909,2025-05-31,14.844998359680176,IMERG_Final_V07
24.362162,94.141581,2024-05-28,94.2649917602539,IMERG_Final_V07
26.525261,91.769873,2025-06-01,70.91500091552734,IMERG_Final_V07
28.695073,95.907312,2024-08-17,8.08499813079834,IMERG_Final_V07
25.869216,91.228276,2024-05-29,45.909996032714844,IMERG_Final_V07
25.108235,92.651802,2016-05-22,1.2699999809265137,IMERG_Final_V07
25.217171,92.670754,2009-07-01,24.569995880126953,IMERG_Final_V07
27.908654,95.910183,2024-07-02,4.34499979019165,IMERG_Final_V07
24.301313,92.952114,2025-09-13,41.21500015258789,IMERG_Final_V07
26.777833,93.30629,2025-06-01,0.9000000357627869,IMERG_Final_V07
27.64937,96.131576,2025-05-31,34.679996490478516,IMERG_Final_V07
26.356718,94.058905,2025-06-15,1.215000033378601,IMERG_Final_V07
25.360263,90.107888,2024-05-28,7.550000190734863,IMERG_Final_V07
28.005468,97.369308,2024-07-02,1.6049998998641968,IMERG_Final_V07
27.70331,92.980611,2024-07-05,4.900000095367432,IMERG_Final_V07
27.919041,95.478985,2025-06-01,16.41499900817871,IMERG_Final_V07
24.056604,93.572616,2024-08-25,14.05999755859375,IMERG_Final_V07
26.103633,91.73724,2024-05-28,27.38500213623047,IMERG_Final_V07
27.647748,95.581231,2024-07-05,31.705005645751953,IMERG_Final_V07
24.141649,92.509244,2014-06-27,0.5499999523162842,IMERG_Final_V07
28.646445,93.588527,2022-05-14,0.8400000333786011,IMERG_Final_V07
28.870159,95.022801,2024-06-30,32.53499984741211,IMERG_Final_V07
23.918167,91.965551,2023-08-06,30.340003967285156,IMERG_Final_V07
23.559231,93.313549,2025-06-01,55.4849967956543,IMERG_Final_V07
25.645723,94.707945,2020-06-02,6.854999542236328,IMERG_Final_V07
26.022596,91.323316,2025-06-01,31.485000610351562,IMERG_Final_V07
25.598828,90.268319,2024-05-28,7.375,IMERG_Final_V07
27.561771,91.843147,2025-05-30,102.24501037597656,IMERG_Final_V07
25.349104,92.760262,2018-08-02,0.9750000238418579,IMERG_Final_V07
25.2769,91.495523,2009-07-17,5.59999942779541,IMERG_Final_V07
26.644704,92.39525,2025-05-31,11.670000076293945,IMERG_Final_V07
26.770362,91.291805,2019-10-26,1.7949998378753662,IMERG_Final_V07
23.410085,91.314252,2017-06-03,0.0,IMERG_Final_V07
22.870401,92.794377,2024-07-02,15.980001449584961,IMERG_Final_V07
25.835534,92.19757,2021-04-28,5.570000171661377,IMERG_Final_V07
27.489583,92.713873,2018-06-06,6.67500114440918,IMERG_Final_V07
25.668253,91.744305,2024-07-02,1.7650001049041748,IMERG_Final_V07
27.238042,88.05178,2024-07-02,9.069999694824219,IMERG_Final_V07
25.626514,92.171535,2025-06-01,30.009998321533203,IMERG_Final_V07
26.371462,90.8185,2024-07-01,32.78999710083008,IMERG_Final_V07
25.896498,90.60611,2016-05-22,0.0,IMERG_Final_V07
25.908406,93.295566,2023-08-09,19.76999855041504,IMERG_Final_V07
26.741152,93.004422,2024-08-28,0.0,IMERG_Final_V07
23.75973,93.033552,2014-09-20,0.4399999976158142,IMERG_Final_V07
25.56092,89.87447,2025-05-31,17.214998245239258,IMERG_Final_V07
27.916786,94.972366,2013-08-16,8.569999694824219,IMERG_Final_V07
28.373903,96.07675,2020-06-02,67.90499877929688,IMERG_Final_V07
29.331086,95.789933,2024-07-19,0.41999995708465576,IMERG_Final_V07
26.984377,95.118812,2024-05-28,37.89500427246094,IMERG_Final_V07
28.037417,97.220095,2022-06-09,2.684999942779541,IMERG_Final_V07
28.56031,95.877619,2014-06-24,6.864999771118164,IMERG_Final_V07
23.387518,93.159902,2025-06-01,110.30001068115234,IMERG_Final_V07
25.383522,91.67626,2025-06-11,5.159999847412109,IMERG_Final_V07
28.267105,96.363589,2024-05-28,25.714996337890625,IMERG_Final_V07
27.826475,93.752058,2016-04-23,2.56499981880188,IMERG_Final_V07
27.833999,93.464267,2022-05-14,1.8949999809265137,IMERG_Final_V07
27.133137,88.127064,2025-05-30,25.65999984741211,IMERG_Final_V07
23.167747,92.435357,2024-09-28,0.0,IMERG_Final_V07
25.057635,94.714382,2025-06-01,34.28499984741211,IMERG_Final_V07
24.516722,94.292028,2025-06-02,12.695001602172852,IMERG_Final_V07
26.344713,91.962719,2024-05-28,24.884998321533203,IMERG_Final_V07
22.696244,92.681322,2024-05-28,101.90499877929688,IMERG_Final_V07
25.286018,92.403231,2018-06-12,112.13500213623047,IMERG_Final_V07
28.10207,93.473747,2011-06-26,9.869999885559082,IMERG_Final_V07
26.242687,94.583396,2024-06-18,7.064999580383301,IMERG_Final_V07
26.534195,92.073023,2024-05-28,15.429998397827148,IMERG_Final_V07
25.399668,92.20616,2022-04-04,37.95000457763672,IMERG_Final_V07
27.952295,95.215214,2023-06-09,27.949996948242188,IMERG_Final_V07
26.255378,90.714745,2024-07-02,7.854999542236328,IMERG_Final_V07
23.900852,91.790121,2025-06-01,33.21999740600586,IMERG_Final_V07
25.236691,93.491347,2024-05-28,123.56499481201172,IMERG_Final_V07
27.537457,92.173828,2025-06-02,16.009998321533203,IMERG_Final_V07
27.670706,95.474557,2025-05-31,14.805000305175781,IMERG_Final_V07
26.23785,94.015693,2024-07-01,66.1500015258789,IMERG_Final_V07
26.914148,94.892454,2020-05-26,64.36000061035156,IMERG_Final_V07
24.572073,93.658112,2025-06-01,64.99999237060547,IMERG_Final_V07
27.161605,92.949275,2024-05-28,96.33500671386719,IMERG_Final_V07
27.787506,93.857877,2024-09-20,3.309999942779541,IMERG_Final_V07
27.513283,88.469917,2025-05-31,7.624999523162842,IMERG_Final_V07
26.788709,92.220857,2024-05-28,18.60999870300293,IMERG_Final_V07
27.430867,93.328598,2025-06-01,53.24999237060547,IMERG_Final_V07
27.519744,92.68558,2024-08-21,0.9199999570846558,IMERG_Final_V07
28.956854,94.33376,2024-05-28,7.119999885559082,IMERG_Final_V07
26.452392,90.203716,2025-05-31,53.720001220703125,IMERG_Final_V07
27.168902,94.290594,2007-08-18,12.100000381469727,IMERG_Final_V07
27.604614,92.033643,2024-06-28,18.8799991607666,IMERG_Final_V07
27.379163,95.783479,2016-05-22,14.954998970031738,IMERG_Final_V07
27.706697,92.564018,2007-07-19,27.520000457763672,IMERG_Final_V07
22.525086,92.906837,2024-05-28,57.13999557495117,IMERG_Final_V07
27.691842,93.143429,2018-06-22,31.045000076293945,IMERG_Final_V07
27.449016,94.109742,2024-09-12,0.9549999833106995,IMERG_Final_V07
23.823023,93.013204,2022-07-23,19.539997100830078,IMERG_Final_V07
28.730945,94.075397,2023-09-27,1.9449996948242188,IMERG_Final_V07
28.260649,96.042602,2024-05-28,30.26000213623047,IMERG_Final_V07
26.138059,92.414382,2024-08-25,7.199999809265137,IMERG_Final_V07
25.357867,91.120802,2023-07-23,10.90000057220459,IMERG_Final_V07
26.471509,91.31998,2024-05-28,19.584999084472656,IMERG_Final_V07
28.163883,94.701066,2024-09-24,10.76500129699707,IMERG_Final_V07
27.996637,93.073631,2024-05-29,1.1649998426437378,IMERG_Final_V07
27.468853,94.491258,2023-09-23,23.694997787475586,IMERG_Final_V07
26.260404,94.871508,2016-05-22,3.2800002098083496,IMERG_Final_V07
24.122934,94.092704,2024-08-18,44.554996490478516,IMERG_Final_V07
25.137906,93.424709,2024-07-02,20.280000686645508,IMERG_Final_V07
28.046748,96.946296,2024-05-28,23.539997100830078,IMERG_Final_V07
25.63992,90.647749,2025-05-29,53.405006408691406,IMERG_Final_V07
26.339688,93.895296,2022-05-14,11.304999351501465,IMERG_Final_V07
26.29802,90.232276,2024-05-28,34.994998931884766,IMERG_Final_V07
27.683641,88.61981,2014-06-27,7.645000457763672,IMERG_Final_V07
24.736609,92.983934,2024-09-24,4.315000057220459,IMERG_Final_V07
25.668054,93.744305,2025-06-11,3.669999599456787,IMERG_Final_V07
28.576133,95.198055,2024-07-02,6.1449995040893555,IMERG_Final_V07
24.459158,94.105375,2018-06-14,7.609999179840088,IMERG_Final_V07
25.572275,94.864766,2025-07-08,21.85999870300293,IMERG_Final_V07
27.453158,92.768046,2007-07-25,60.75,IMERG_Final_V07
24.736906,93.794624,2024-05-28,117.70498657226562,IMERG_Final_V07
26.347339,92.420407,2021-06-18,10.15999984741211,IMERG_Final_V07
28.808734,94.217624,2024-09-28,2.365000009536743,IMERG_Final_V07
28.016024,93.208954,2024-07-17,16.369998931884766,IMERG_Final_V07
25.204038,92.306059,2023-07-06,0.6349999904632568,IMERG_Final_V07
25.722044,93.471407,2024-05-28,66.92499542236328,IMERG_Final_V07
27.230276,94.687007,2020-05-26,61.790008544921875,IMERG_Final_V07
25.212007,92.984218,2018-08-24,15.404998779296875,IMERG_Final_V07
28.070681,93.310053,2024-05-28,19.35000228881836,IMERG_Final_V07
27.626744,88.196702,2016-05-18,2.424999713897705,IMERG_Final_V07
27.640096,92.427317,2016-05-17,3.5049996376037598,IMERG_Final_V07
25.314153,93.968979,2007-09-09,9.739999771118164,IMERG_Final_V07
25.735481,91.311577,2025-05-31,18.069997787475586,IMERG_Final_V07
23.657941,91.874567,2022-09-25,22.760000228881836,IMERG_Final_V07
28.321009,94.442709,2007-07-19,25.854999542236328,IMERG_Final_V07
27.257273,95.63429,2025-06-06,0.0,IMERG_Final_V07
22.462831,92.640154,2025-05-31,16.994998931884766,IMERG_Final_V07
27.014054,95.842341,2025-05-31,22.694997787475586,IMERG_Final_V07
23.85726,91.803282,2024-05-28,24.55500030517578,IMERG_Final_V07
28.961608,96.503874,2024-07-02,0.13499999046325684,IMERG_Final_V07
24.525227,92.99646,2016-07-16,18.375,IMERG_Final_V07
26.640866,91.583809,2024-09-24,1.4700000286102295,IMERG_Final_V07
24.080276,93.187617,2024-10-21,0.0,IMERG_Final_V07
29.191139,96.068685,2024-05-28,21.264999389648438,IMERG_Final_V07
27.271115,94.109934,2024-05-28,47.27999496459961,IMERG_Final_V07
24.54159,93.706335,2022-05-14,8.440000534057617,IMERG_Final_V07
25.609706,93.963904,2024-05-28,69.36998748779297,IMERG_Final_V07
25.58387,91.83908,2024-08-28,29.724998474121094,IMERG_Final_V07
25.855776,91.773015,2024-05-28,64.90999603271484,IMERG_Final_V07
22.494521,92.672392,2009-05-09,0.0,IMERG_Final_V07
26.791299,91.433343,2024-05-28,20.43000030517578,IMERG_Final_V07
29.080798,94.395899,2024-09-24,1.5099999904632568,IMERG_Final_V07
25.239071,92.826271,2024-06-15,96.08999633789062,IMERG_Final_V07
27.276736,93.489799,2025-05-31,20.305002212524414,IMERG_Final_V07
23.080604,93.093195,2025-06-01,123.78499603271484,IMERG_Final_V07
27.232816,92.774769,2020-05-26,20.194997787475586,IMERG_Final_V07
27.483403,93.426235,2025-01-02,0.375,IMERG_Final_V07
25.314088,89.992042,2024-07-02,29.09000015258789,IMERG_Final_V07
24.608969,92.46047,2024-05-28,90.32501220703125,IMERG_Final_V07
22.009792,92.935514,2024-09-12,14.78499984741211,IMERG_Final_V07
26.452456,92.194806,2024-05-28,19.46500015258789,IMERG_Final_V07
28.220707,94.798291,2023-08-13,0.17999999225139618,IMERG_Final_V07
24.213393,92.713664,2025-05-24,4.309999942779541,IMERG_Final_V07
26.639848,91.967506,2018-07-11,7.315000534057617,IMERG_Final_V07
26.267093,95.040132,2024-05-28,76.77000427246094,IMERG_Final_V07
28.352317,93.52443,2024-07-02,1.4700000286102295,IMERG_Final_V07
24.974719,93.262834,2016-04-22,22.80999755859375,IMERG_Final_V07
26.453341,91.213901,2024-10-07,0.0,IMERG_Final_V07
27.509497,96.555298,2024-06-01,12.819999694824219,IMERG_Final_V07
27.613908,96.374076,2022-11-18,0.0,IMERG_Final_V07
26.451423,91.772611,2025-05-31,17.90999984741211,IMERG_Final_V07
23.443688,91.920458,2024-05-28,24.86499786376953,IMERG_Final_V07
27.579879,95.766143,2024-05-28,52.68499755859375,IMERG_Final_V07
26.527976,89.916234,2020-05-24,12.565000534057617,IMERG_Final_V07
25.404552,94.596506,2017-06-13,4.874999523162842,IMERG_Final_V07
29.001386,95.02908,2025-07-07,0.675000011920929,IMERG_Final_V07
27.079513,92.578938,2024-10-07,4.244999885559082,IMERG_Final_V07
27.772098,91.800252,2025-06-01,3.9749999046325684,IMERG_Final_V07
22.280988,92.713346,2017-06-13,106.10499572753906,IMERG_Final_V07
23.358116,91.389493,2025-07-07,24.215003967285156,IMERG_Final_V07
29.286876,96.140114,2020-06-26,5.909999370574951,IMERG_Final_V07
26.302969,91.395394,2024-05-28,24.494998931884766,IMERG_Final_V07
27.240908,92.755563,2016-05-17,10.935001373291016,IMERG_Final_V07
23.323625,92.584675,2012-06-22,3.1599998474121094,IMERG_Final_V07
26.153231,92.375695,2023-08-08,11.629999160766602,IMERG_Final_V07
26.571313,91.623557,2025-05-31,22.244998931884766,IMERG_Final_V07
26.073,91.911757,2025-05-31,22.67999839782715,IMERG_Final_V07
27.849792,94.410539,2024-05-28,40.34499740600586,IMERG_Final_V07
27.145446,88.165349,2025-05-30,25.65999984741211,IMERG_Final_V07
23.496783,92.790994,2024-08-13,1.7349998950958252,IMERG_Final_V07
28.223555,95.773169,2025-06-01,17.869998931884766,IMERG_Final_V07
26.122069,91.439186,2007-09-15,36.0150032043457,IMERG_Final_V07
25.693737,91.452225,2024-07-17,29.999996185302734,IMERG_Final_V07
24.168507,92.452307,2024-05-28,50.06500244140625,IMERG_Final_V07
28.11599,94.181783,2024-07-06,3.0149998664855957,IMERG_Final_V07
28.500396,94.737815,2025-06-01,10.914999008178711,IMERG_Final_V07
24.411818,92.446134,2025-06-02,19.349998474121094,IMERG_Final_V07
26.654207,91.473987,2024-05-28,20.944997787475586,IMERG_Final_V07
25.985229,94.883738,2024-09-12,0.0,IMERG_Final_V07
25.650226,92.573481,2025-05-30,80.31998443603516,IMERG_Final_V07
26.292051,93.317643,2024-10-22,0.9599999785423279,IMERG_Final_V07
24.94593,93.15524,2024-08-13,0.0,IMERG_Final_V07
25.492632,90.506124,2016-05-22,0.0,IMERG_Final_V07
25.729303,90.12352,2025-09-13,5.780000686645508,IMERG_Final_V07
26.751581,90.389053,2018-08-31,0.11499999463558197,IMERG_Final_V07
28.967929,95.493437,2007-06-16,9.469999313354492,IMERG_Final_V07
24.450454,92.989135,2025-05-31,91.47000122070312,IMERG_Final_V07
26.643328,90.911848,2016-07-17,13.50999927520752,IMERG_Final_V07
25.150182,93.855415,2007-09-08,32.82499694824219,IMERG_Final_V07
23.770747,91.832555,2025-06-01,30.654998779296875,IMERG_Final_V07
27.316179,94.333589,2026-06-28,8.86500072479248,IMERG_Late_V07
26.089996,92.352445,2016-05-18,0.5049999952316284,IMERG_Final_V07
24.454597,92.974489,2024-07-02,29.239994049072266,IMERG_Final_V07
23.230945,93.09381,2024-05-28,72.32998657226562,IMERG_Final_V07
28.481438,94.165234,2024-07-29,1.1449999809265137,IMERG_Final_V07
29.105042,95.954264,2013-08-17,31.720001220703125,IMERG_Final_V07
28.779287,94.92409,2025-07-08,6.434999465942383,IMERG_Final_V07
29.114401,96.067061,2024-05-28,21.264999389648438,IMERG_Final_V07
26.742603,94.816288,2024-05-28,43.14500045776367,IMERG_Final_V07
28.087405,96.898872,2025-05-31,31.525001525878906,IMERG_Final_V07
24.775269,93.645945,2022-05-14,9.4350004196167,IMERG_Final_V07
27.506193,94.184622,2024-09-28,0.6499999761581421,IMERG_Final_V07
26.642976,90.96196,2024-05-28,31.470001220703125,IMERG_Final_V07
27.507503,95.038851,2014-09-23,20.34999656677246,IMERG_Final_V07
28.662865,95.626872,2024-05-28,42.124996185302734,IMERG_Final_V07
26.287722,92.978228,2012-06-22,38.70999526977539,IMERG_Final_V07
27.506916,94.328035,2024-09-25,11.899999618530273,IMERG_Final_V07
26.473974,91.395609,2013-08-11,8.324999809265137,IMERG_Final_V07
24.523659,93.747643,2024-09-28,3.890000343322754,IMERG_Final_V07
26.777419,91.909388,2025-06-06,0.0,IMERG_Final_V07
27.62026,93.489957,2025-06-08,4.514999866485596,IMERG_Final_V07
27.720959,88.569169,2024-09-24,9.329999923706055,IMERG_Final_V07
26.164049,91.968699,2025-06-01,21.764999389648438,IMERG_Final_V07
25.751346,91.453181,2025-05-31,22.639995574951172,IMERG_Final_V07
28.252241,94.929266,2024-05-28,57.399993896484375,IMERG_Final_V07
27.644657,93.666315,2025-06-05,3.2950000762939453,IMERG_Final_V07
25.721127,93.376934,2024-05-28,75.42499542236328,IMERG_Final_V07
24.369403,92.023454,2024-09-28,0.6150000095367432,IMERG_Final_V07
26.01048,94.280227,2025-05-30,70.30999755859375,IMERG_Final_V07
24.540522,93.645142,2025-05-31,46.130001068115234,IMERG_Final_V07
26.135349,90.140051,2014-07-08,18.569997787475586,IMERG_Final_V07
26.822632,94.409418,2010-06-16,18.034997940063477,IMERG_Final_V07
26.54396,94.206968,2025-06-01,3.3499999046325684,IMERG_Final_V07
28.87585,95.151809,2021-10-19,22.835002899169922,IMERG_Final_V07
25.546447,94.353017,2007-07-25,22.714996337890625,IMERG_Final_V07
26.774669,91.953549,2025-06-01,69.71499633789062,IMERG_Final_V07
28.205583,96.046401,2017-04-05,0.0,IMERG_Final_V07
25.953827,90.653008,2024-05-28,14.514999389648438,IMERG_Final_V07
27.899187,93.223219,2024-05-28,20.285001754760742,IMERG_Final_V07
25.88375,92.128373,2025-05-30,88.54501342773438,IMERG_Final_V07
28.457126,94.084312,2024-06-01,4.064999580383301,IMERG_Final_V07
25.960432,94.576446,2025-06-01,9.044999122619629,IMERG_Final_V07
23.514735,92.798167,2024-11-28,3.0799999237060547,IMERG_Final_V07
24.159438,92.71875,2011-03-23,0.0,IMERG_Final_V07
26.599581,91.449092,2025-05-31,27.834999084472656,IMERG_Final_V07
27.360617,95.637813,2024-07-02,20.564998626708984,IMERG_Final_V07
23.335337,92.649156,2025-05-31,56.719993591308594,IMERG_Final_V07
25.40424,93.849714,2024-05-28,89.58499145507812,IMERG_Final_V07
26.861234,95.508942,2009-06-04,23.25,IMERG_Final_V07
27.349094,94.831364,2016-09-17,14.554999351501465,IMERG_Final_V07
25.834917,91.516552,2016-07-14,5.90500020980835,IMERG_Final_V07
26.624546,93.634966,2024-05-28,49.105003356933594,IMERG_Final_V07
23.855975,91.785049,2025-05-31,100.21998596191406,IMERG_Final_V07
27.322233,92.850823,2010-04-02,0.0,IMERG_Final_V07
24.226678,93.303342,2024-05-28,96.56499481201172,IMERG_Final_V07
25.501512,89.984306,2022-06-15,29.099998474121094,IMERG_Final_V07
23.502642,93.292712,2020-05-26,25.860000610351562,IMERG_Final_V07
28.025154,97.237373,2024-05-28,43.09001159667969,IMERG_Final_V07
28.376088,95.670715,2024-05-28,38.20999526977539,IMERG_Final_V07
27.538881,92.185736,2024-07-02,3.494999885559082,IMERG_Final_V07
27.280942,95.004183,2025-08-01,5.805000305175781,IMERG_Final_V07
26.096936,90.028037,2025-06-01,23.80500030517578,IMERG_Final_V07
25.466183,90.594218,2008-08-12,79.73503112792969,IMERG_Final_V07
28.056343,97.056519,2024-05-28,24.764999389648438,IMERG_Final_V07
27.425933,93.75367,2016-05-17,18.98999786376953,IMERG_Final_V07
25.700422,94.977365,2025-06-01,15.004999160766602,IMERG_Final_V07
27.538323,96.285881,2025-06-14,4.220000267028809,IMERG_Final_V07
27.760465,94.180167,2024-06-15,7.399999618530273,IMERG_Final_V07
27.063939,95.794194,2024-09-24,29.19499969482422,IMERG_Final_V07
25.471369,92.496186,2018-08-23,0.26499998569488525,IMERG_Final_V07
25.356967,90.943667,2025-05-31,57.82499694824219,IMERG_Final_V07
25.292083,90.793465,2024-05-28,5.190000057220459,IMERG_Final_V07
25.640203,91.50822,2024-05-28,51.584991455078125,IMERG_Final_V07
23.415342,92.652455,2025-06-01,115.68998718261719,IMERG_Final_V07
27.454083,88.675617,2017-06-17,1.630000114440918,IMERG_Final_V07
28.158378,94.204525,2024-09-28,0.08999999612569809,IMERG_Final_V07
26.082372,94.460148,2014-05-10,0.004999999888241291,IMERG_Final_V07
28.095869,94.481062,2025-09-13,15.674999237060547,IMERG_Final_V07
22.320763,93.1857,2025-05-31,15.094999313354492,IMERG_Final_V07
27.117807,93.394969,2016-07-17,12.389999389648438,IMERG_Final_V07
24.150047,92.796052,2009-07-01,9.46500015258789,IMERG_Final_V07
24.279476,93.522149,2024-05-28,93.94499206542969,IMERG_Final_V07
27.21114,95.940218,2024-08-02,36.415000915527344,IMERG_Final_V07
26.595255,93.009993,2007-07-19,13.495000839233398,IMERG_Final_V07
25.513501,92.776121,2024-05-28,44.345001220703125,IMERG_Final_V07
27.870914,93.596471,2025-06-02,5.50499963760376,IMERG_Final_V07
24.299878,92.323438,2022-07-10,1.3650000095367432,IMERG_Final_V07
27.989199,95.357333,2025-05-31,6.914999485015869,IMERG_Final_V07
26.528066,93.850339,2024-09-28,1.8600000143051147,IMERG_Final_V07
25.621685,92.809256,2024-07-19,15.899999618530273,IMERG_Final_V07
27.121865,94.655002,2025-06-01,4.710000038146973,IMERG_Final_V07
25.680825,91.902939,2024-06-01,38.5,IMERG_Final_V07
24.186802,92.098048,2024-05-28,33.39999771118164,IMERG_Final_V07
25.756677,90.406867,2025-05-31,69.68000030517578,IMERG_Final_V07
25.006525,92.981545,2022-05-14,121.19999694824219,IMERG_Final_V07
26.835219,94.958753,2025-06-01,6.2900004386901855,IMERG_Final_V07
26.070991,92.732858,2025-06-01,12.370000839233398,IMERG_Final_V07
24.719212,93.721817,2022-09-28,9.1899995803833,IMERG_Final_V07
26.927862,94.653268,2018-05-03,3.065000057220459,IMERG_Final_V07
29.098874,94.34082,2024-05-28,3.5899996757507324,IMERG_Final_V07
28.035421,93.203222,2024-05-28,16.024999618530273,IMERG_Final_V07
27.523131,94.528696,2024-05-28,32.22999954223633,IMERG_Final_V07
26.486618,91.830091,2024-05-28,16.674999237060547,IMERG_Final_V07
25.311161,91.667702,2024-11-12,0.004999999888241291,IMERG_Final_V07
26.365882,92.794091,2024-08-13,0.10999999940395355,IMERG_Final_V07
27.297049,96.015616,2016-05-22,16.9950008392334,IMERG_Final_V07
28.789788,95.692506,2022-05-14,22.3700008392334,IMERG_Final_V07
27.800466,94.878394,2010-06-10,7.329999923706055,IMERG_Final_V07
24.341859,92.714738,2024-08-21,15.679999351501465,IMERG_Final_V07
27.04547,95.443638,2024-08-15,6.789999961853027,IMERG_Final_V07
22.188247,93.128977,2024-05-28,19.665000915527344,IMERG_Final_V07
25.799322,94.965681,2024-05-28,70.01000213623047,IMERG_Final_V07
26.480799,90.833967,2025-05-31,52.22499084472656,IMERG_Final_V07
27.024881,92.800263,2024-05-28,85.90502166748047,IMERG_Final_V07
27.643161,92.843221,2024-08-13,1.8949999809265137,IMERG_Final_V07
26.46774,92.807891,2024-05-28,37.17499542236328,IMERG_Final_V07
27.317111,93.784277,2025-07-07,0.6649999618530273,IMERG_Final_V07
24.301081,93.918672,2025-06-01,44.394996643066406,IMERG_Final_V07
27.621838,96.838979,2024-05-28,46.29999923706055,IMERG_Final_V07
25.712267,92.006766,2024-09-25,35.8849983215332,IMERG_Final_V07
25.226868,92.587599,2024-07-02,10.07499885559082,IMERG_Final_V07
28.027715,97.32232,2009-06-29,3.9600000381469727,IMERG_Final_V07
24.229196,93.953557,2024-07-02,22.96999740600586,IMERG_Final_V07
25.707687,94.077931,2024-05-28,80.8800048828125,IMERG_Final_V07
26.726835,91.09518,2025-05-28,19.19499969482422,IMERG_Final_V07
25.234239,91.373291,2007-09-08,184.28501892089844,IMERG_Final_V07
28.820021,94.256122,2024-05-28,5.304999828338623,IMERG_Final_V07
24.740859,92.43471,2025-06-01,57.18500518798828,IMERG_Final_V07
27.191194,88.219109,2017-06-13,2.3350000381469727,IMERG_Final_V07
26.763305,90.183091,2024-05-28,38.820003509521484,IMERG_Final_V07
23.473816,92.598468,2017-06-13,28.534996032714844,IMERG_Final_V07
23.590627,91.766922,2021-09-18,11.605001449584961,IMERG_Final_V07
26.237056,92.708945,2025-05-31,10.389999389648438,IMERG_Final_V07
26.399554,90.899229,2016-05-22,0.2800000011920929,IMERG_Final_V07
28.793879,95.940911,2025-05-31,24.089996337890625,IMERG_Final_V07
26.824168,94.856504,2024-09-24,9.259998321533203,IMERG_Final_V07
26.126655,90.404893,2018-05-18,0.0,IMERG_Final_V07
25.605764,93.925988,2025-05-31,21.30000114440918,IMERG_Final_V07
22.422946,92.97885,2025-05-31,12.329999923706055,IMERG_Final_V07
24.596626,92.573348,2024-09-13,2.8399999141693115,IMERG_Final_V07
27.722034,91.772799,2020-05-26,12.795001029968262,IMERG_Final_V07
26.426497,90.346675,2025-05-30,36.894996643066406,IMERG_Final_V07
24.093985,94.238749,2025-05-31,25.475000381469727,IMERG_Final_V07
24.347418,93.31643,2024-05-28,115.70999145507812,IMERG_Final_V07
24.401684,94.262224,2024-05-25,2.3299999237060547,IMERG_Final_V07
26.957209,94.637742,2017-06-16,36.67499923706055,IMERG_Final_V07
28.128826,95.998822,2025-11-02,1.5550000667572021,IMERG_Late_V07
28.529312,94.356911,2025-06-01,13.729999542236328,IMERG_Final_V07
26.505104,93.222219,2016-07-16,7.199999809265137,IMERG_Final_V07
26.699924,92.198449,2025-05-31,4.809999942779541,IMERG_Final_V07
27.916416,93.287839,2024-07-02,4.244999885559082,IMERG_Final_V07
24.472392,93.306221,2024-08-13,0.0,IMERG_Final_V07
25.752342,90.332378,2024-07-17,17.68999671936035,IMERG_Final_V07
28.84325,95.685873,2025-05-30,226.87001037597656,IMERG_Final_V07
25.837478,93.644924,2024-05-28,79.3449935913086,IMERG_Final_V07
27.725473,94.389751,2025-06-01,4.385000228881836,IMERG_Final_V07
28.671226,94.531555,2024-06-07,1.840000033378601,IMERG_Final_V07
26.925483,94.47454,2024-05-28,50.28999710083008,IMERG_Final_V07
26.49148,93.730894,2024-06-28,17.125001907348633,IMERG_Final_V07
27.063714,94.557172,2019-06-27,7.575000286102295,IMERG_Final_V07
27.38811,92.91926,2025-06-01,30.639995574951172,IMERG_Final_V07
26.244149,94.720992,2007-07-19,8.085000038146973,IMERG_Final_V07
24.851677,94.358569,2024-09-12,1.5299999713897705,IMERG_Final_V07
27.659723,92.065052,2025-05-30,102.94999694824219,IMERG_Final_V07
25.464627,94.581812,2024-05-28,83.06999206542969,IMERG_Final_V07
26.809623,92.262533,2025-05-31,9.524999618530273,IMERG_Final_V07
26.176938,90.76229,2024-05-28,19.719999313354492,IMERG_Final_V07
27.442442,93.500447,2024-07-22,19.299999237060547,IMERG_Final_V07
28.793599,94.585048,2024-05-28,11.585000991821289,IMERG_Final_V07
24.977981,92.911003,2025-06-01,37.25499725341797,IMERG_Final_V07
26.220111,92.062146,2023-10-02,13.614999771118164,IMERG_Final_V07
27.636647,91.82647,2021-08-27,16.89000129699707,IMERG_Final_V07
27.532057,91.807331,2024-09-12,0.0,IMERG_Final_V07
25.415694,91.359868,2016-05-22,0.3050000071525574,IMERG_Final_V07
27.547693,93.427885,2024-07-02,9.965001106262207,IMERG_Final_V07
25.348772,94.413658,2025-05-29,57.78999328613281,IMERG_Final_V07
26.867207,95.537392,2024-05-28,77.24000549316406,IMERG_Final_V07
26.23569,92.889465,2024-05-28,48.7449951171875,IMERG_Final_V07
24.834215,92.692175,2025-05-31,115.0250015258789,IMERG_Final_V07
27.837614,93.053006,2014-06-27,7.7049994468688965,IMERG_Final_V07
27.303666,96.023249,2024-05-28,66.86997985839844,IMERG_Final_V07
26.588402,93.726796,2024-07-09,12.764999389648438,IMERG_Final_V07
23.408606,92.86766,2024-05-28,96.51499938964844,IMERG_Final_V07
23.683138,91.324287,2024-05-28,14.969999313354492,IMERG_Final_V07
26.643985,90.330418,2016-04-22,4.489999771118164,IMERG_Final_V07
25.504925,93.972212,2024-05-28,84.37499237060547,IMERG_Final_V07
26.737876,90.62532,2023-09-12,1.2549998760223389,IMERG_Final_V07
25.710503,94.777701,2012-06-07,0.0,IMERG_Final_V07
24.746027,93.060877,2025-06-01,43.89500045776367,IMERG_Final_V07
25.797314,93.287111,2024-07-02,21.764999389648438,IMERG_Final_V07
27.766409,96.385226,2025-06-01,3.375,IMERG_Final_V07
22.67763,93.079399,2024-09-28,0.5550000071525574,IMERG_Final_V07
25.02119,93.102779,2025-06-01,30.809993743896484,IMERG_Final_V07
27.711644,94.587697,2025-05-31,8.274999618530273,IMERG_Final_V07
23.936004,92.210905,2025-06-01,66.17499542236328,IMERG_Final_V07
25.65794,93.407053,2025-05-31,40.21500015258789,IMERG_Final_V07
26.00513,93.572171,2024-05-28,71.00499725341797,IMERG_Final_V07
28.021178,96.770578,2018-06-14,28.575000762939453,IMERG_Final_V07
24.991582,93.091056,2025-06-05,0.14999999105930328,IMERG_Final_V07
26.217036,93.395119,2024-07-23,0.0,IMERG_Final_V07
26.160091,91.035148,2024-06-12,1.334999918937683,IMERG_Final_V07
25.098561,93.699153,2025-06-01,46.380001068115234,IMERG_Final_V07
26.136157,90.360342,2010-06-03,81.010009765625,IMERG_Final_V07
27.707424,96.77159,2024-05-28,33.185001373291016,IMERG_Final_V07
25.915488,94.818488,2024-09-12,0.0,IMERG_Final_V07
25.222539,93.174638,2025-05-31,98.28500366210938,IMERG_Final_V07
27.498601,96.59387,2022-04-04,19.494997024536133,IMERG_Final_V07
23.921119,93.075645,2024-05-28,86.41000366210938,IMERG_Final_V07
26.120862,92.582527,2025-05-31,25.294998168945312,IMERG_Final_V07
28.852166,94.069207,2024-08-18,17.240001678466797,IMERG_Final_V07
28.281316,94.472832,2024-05-28,28.279998779296875,IMERG_Final_V07
25.877744,93.336762,2024-05-28,72.91999053955078,IMERG_Final_V07
23.092824,91.764197,2024-05-28,26.049999237060547,IMERG_Final_V07
23.502472,92.455396,2024-09-26,0.994999885559082,IMERG_Final_V07
26.024056,92.03921,2025-06-02,6.5099992752075195,IMERG_Final_V07
25.756429,90.648957,2024-07-02,12.104999542236328,IMERG_Final_V07
25.015275,93.667713,2024-08-13,0.0,IMERG_Final_V07
25.087668,92.814374,2024-05-28,98.85000610351562,IMERG_Final_V07
24.30179,92.98525,2020-06-02,4.639999866485596,IMERG_Final_V07
26.249954,92.623788,2022-05-15,72.29999542236328,IMERG_Final_V07
24.223323,93.86331,2025-06-01,44.68000030517578,IMERG_Final_V07
27.864055,95.977751,2025-06-05,0.5249999761581421,IMERG_Final_V07
25.958423,90.905176,2024-08-24,2.429999828338623,IMERG_Final_V07
28.096184,96.253795,2024-08-06,0.0,IMERG_Final_V07
22.085975,92.618173,2022-06-17,43.57499694824219,IMERG_Final_V07
28.402553,95.863448,2024-05-28,26.259998321533203,IMERG_Final_V07
27.60878,94.772236,2017-07-04,7.619999885559082,IMERG_Final_V07
23.587798,91.594863,2024-05-28,12.664997100830078,IMERG_Final_V07
25.569762,93.33179,2025-05-30,71.69499206542969,IMERG_Final_V07
25.41485,91.672354,2024-05-28,63.21001052856445,IMERG_Final_V07
26.182798,91.431576,2020-05-26,132.5749969482422,IMERG_Final_V07
26.001638,94.704077,2024-05-28,93.36497497558594,IMERG_Final_V07
26.735359,94.81519,2024-07-09,2.7249999046325684,IMERG_Final_V07
28.29714,94.305301,2024-07-09,13.985000610351562,IMERG_Final_V07
23.51677,91.492242,2013-09-01,0.3400000035762787,IMERG_Final_V07
26.742926,93.059551,2025-05-30,140.38499450683594,IMERG_Final_V07
28.358939,94.229254,2024-09-12,0.0,IMERG_Final_V07
25.525622,92.027235,2024-05-28,41.93998718261719,IMERG_Final_V07
28.651814,93.459649,2024-10-28,0.0,IMERG_Final_V07
24.797066,93.730856,2024-05-28,117.70498657226562,IMERG_Final_V07
26.132873,92.41922,2025-09-13,55.409996032714844,IMERG_Final_V07
28.361263,96.300812,2024-05-28,26.759998321533203,IMERG_Final_V07
24.674793,92.552594,2025-05-30,26.404993057250977,IMERG_Final_V07
25.96859,90.865374,2024-06-17,154.04998779296875,IMERG_Final_V07
26.528916,92.498109,2022-05-15,113.59001159667969,IMERG_Final_V07
27.634254,95.126611,2024-05-28,34.635005950927734,IMERG_Final_V07
24.025025,92.75139,2024-05-28,73.76499938964844,IMERG_Final_V07
26.943419,94.072164,2016-07-17,3.1999998092651367,IMERG_Final_V07
25.901951,94.614537,2012-07-17,2.4900002479553223,IMERG_Final_V07
26.271564,93.437972,2025-05-31,38.605003356933594,IMERG_Final_V07
27.793321,96.685985,2024-09-24,15.319999694824219,IMERG_Final_V07
27.593212,92.77059,2025-07-29,1.679999828338623,IMERG_Final_V07
25.398316,90.525954,2018-06-22,0.1550000011920929,IMERG_Final_V07
29.214675,96.270801,2025-05-31,15.134998321533203,IMERG_Final_V07
28.642926,94.484727,2024-05-28,13.74499797821045,IMERG_Final_V07
24.486059,94.309247,2025-05-31,24.945003509521484,IMERG_Final_V07
28.233953,93.380169,2025-06-06,6.324999809265137,IMERG_Final_V07
29.323957,95.755468,2025-09-13,1.8199999332427979,IMERG_Final_V07
22.3057,93.039128,2022-06-17,7.6449995040893555,IMERG_Final_V07
26.654875,90.68374,2024-07-17,17.64499855041504,IMERG_Final_V07
24.985715,93.006581,2024-05-28,142.5900115966797,IMERG_Final_V07
23.904088,91.906123,2016-05-17,17.064998626708984,IMERG_Final_V07
25.630644,92.048241,2023-09-12,12.869999885559082,IMERG_Final_V07
26.51178,93.19714,2024-08-15,10.369999885559082,IMERG_Final_V07
25.325903,90.251092,2010-04-02,0.0,IMERG_Final_V07
26.139538,90.397429,2024-07-02,12.974998474121094,IMERG_Final_V07
27.387423,92.956545,2019-07-07,20.8799991607666,IMERG_Final_V07
26.173549,91.903509,2024-05-28,36.35499954223633,IMERG_Final_V07
27.342352,96.979134,2009-07-27,16.375001907348633,IMERG_Final_V07
28.09181,95.520778,2024-09-28,0.08999999612569809,IMERG_Final_V07
23.404997,93.373301,2025-05-31,22.64000129699707,IMERG_Final_V07
22.480555,92.9915,2018-05-20,12.470000267028809,IMERG_Final_V07
25.142342,93.003298,2024-09-28,2.31499981880188,IMERG_Final_V07
27.384275,93.898932,2025-06-01,14.03499984741211,IMERG_Final_V07
27.563947,93.372599,2024-05-28,61.49500274658203,IMERG_Final_V07
26.815267,95.217941,2022-05-29,0.7649998664855957,IMERG_Final_V07
25.342432,90.185427,2024-09-24,9.079999923706055,IMERG_Final_V07
24.23566,92.380367,2024-05-28,46.16999816894531,IMERG_Final_V07
26.17852,92.264382,2014-09-23,4.610000133514404,IMERG_Final_V07
27.444556,92.306572,2016-05-22,19.849998474121094,IMERG_Final_V07
25.23201,93.794189,2025-05-31,102.61000061035156,IMERG_Final_V07
27.471051,93.877703,2024-07-02,14.709999084472656,IMERG_Final_V07
26.51005,90.711523,2024-05-28,36.719993591308594,IMERG_Final_V07
27.938918,93.493594,2023-07-23,48.72499465942383,IMERG_Final_V07
27.77968,92.907967,2021-05-18,1.404999852180481,IMERG_Final_V07
27.468729,94.776644,2007-08-28,8.1899995803833,IMERG_Final_V07
27.835833,92.171957,2018-06-04,5.089999675750732,IMERG_Final_V07
25.21527,94.548022,2024-05-28,55.04499816894531,IMERG_Final_V07
27.332412,94.246435,2022-04-05,18.624998092651367,IMERG_Final_V07
26.593225,93.016301,2025-07-05,44.809993743896484,IMERG_Final_V07
28.63684,95.757318,2024-05-28,40.40999984741211,IMERG_Final_V07
27.511516,95.418466,2025-06-01,6.579999923706055,IMERG_Final_V07
27.574938,88.45319,2024-09-12,1.3350000381469727,IMERG_Final_V07
28.164993,94.222641,2024-09-24,27.950002670288086,IMERG_Final_V07
24.975942,93.967472,2024-09-28,0.26499998569488525,IMERG_Final_V07
27.903802,94.117542,2024-07-02,1.5799999237060547,IMERG_Final_V07
25.486131,90.993157,2024-10-08,0.5349999666213989,IMERG_Final_V07
26.124226,90.74645,2025-06-01,14.30000114440918,IMERG_Final_V07
27.295705,94.757779,2025-05-31,5.534999847412109,IMERG_Final_V07
28.444548,94.217648,2024-05-28,13.329996109008789,IMERG_Final_V07
26.953303,94.521658,2024-05-28,55.409996032714844,IMERG_Final_V07
28.000724,95.48685,2024-05-28,32.48500061035156,IMERG_Final_V07
24.462635,93.962333,2022-04-04,0.6799999475479126,IMERG_Final_V07
23.251725,93.31403,2020-06-28,5.949999809265137,IMERG_Final_V07
28.632844,93.376661,2024-07-02,0.9900000095367432,IMERG_Final_V07
27.452466,92.633654,2025-05-31,22.529998779296875,IMERG_Final_V07
27.06713,93.593239,2025-06-01,10.744998931884766,IMERG_Final_V07
25.627751,89.899632,2024-09-24,9.905000686645508,IMERG_Final_V07
23.743382,92.09306,2024-08-19,115.90998840332031,IMERG_Final_V07
25.732987,91.743047,2025-05-30,105.66500854492188,IMERG_Final_V07
25.327598,94.285911,2024-05-29,9.799999237060547,IMERG_Final_V07
25.673995,90.91739,2024-09-28,1.8550002574920654,IMERG_Final_V07
28.292398,93.463044,2024-09-28,1.8449997901916504,IMERG_Final_V07
24.552382,93.071837,2024-05-28,102.14500427246094,IMERG_Final_V07
26.633966,92.316919,2015-07-08,3.749999523162842,IMERG_Final_V07
28.35222,96.238599,2024-05-28,27.709999084472656,IMERG_Final_V07
26.449929,91.94346,2024-09-13,10.40999984741211,IMERG_Final_V07
28.062432,93.145169,2023-08-06,14.389999389648438,IMERG_Final_V07
26.797918,93.06835,2015-07-11,5.5199995040893555,IMERG_Final_V07
27.675247,92.322468,2025-06-01,7.824999809265137,IMERG_Final_V07
25.034785,92.83195,2024-07-21,23.089998245239258,IMERG_Final_V07
27.336656,96.221641,2025-06-01,21.92500114440918,IMERG_Final_V07
25.988461,91.262828,2025-06-01,28.02499771118164,IMERG_Final_V07
24.13068,91.724546,2024-05-28,29.744998931884766,IMERG_Final_V07
25.377863,92.837151,2025-06-01,25.354999542236328,IMERG_Final_V07
23.134345,91.740022,2024-09-24,22.435001373291016,IMERG_Final_V07
24.781976,92.415929,2007-09-12,35.43499755859375,IMERG_Final_V07
27.658158,92.58408,2025-05-31,6.524999618530273,IMERG_Final_V07
23.393984,92.451108,2025-05-30,109.52497863769531,IMERG_Final_V07
25.627193,94.896923,2024-05-28,83.21998596191406,IMERG_Final_V07
28.01703,96.326211,2021-08-25,27.59999656677246,IMERG_Final_V07
26.167137,91.650232,2007-08-18,3.364999771118164,IMERG_Final_V07
26.799564,92.546564,2007-08-28,7.529999732971191,IMERG_Final_V07
28.105862,95.716989,2024-05-28,24.709999084472656,IMERG_Final_V07
25.877894,91.776157,2025-05-30,103.37001037597656,IMERG_Final_V07
28.827286,94.476174,2024-05-28,8.704998970031738,IMERG_Final_V07
25.781353,92.380785,2025-06-01,20.13499641418457,IMERG_Final_V07
22.632013,93.060773,2025-06-01,104.97000122070312,IMERG_Final_V07
27.696096,92.479288,2024-07-09,8.88499927520752,IMERG_Final_V07
25.816651,91.574376,2024-05-28,50.25999450683594,IMERG_Final_V07
23.660372,92.744761,2025-05-30,122.24998474121094,IMERG_Final_V07
27.710461,96.279821,2024-05-28,32.400001525878906,IMERG_Final_V07
26.158673,93.823282,2024-07-09,1.8849997520446777,IMERG_Final_V07
28.512848,95.419564,2007-08-24,6.80000114440918,IMERG_Final_V07
24.797217,92.555395,2016-08-31,19.965002059936523,IMERG_Final_V07
27.065834,94.741785,2007-08-18,8.499999046325684,IMERG_Final_V07
28.583527,94.290406,2025-06-02,4.699999809265137,IMERG_Final_V07
25.096099,93.046007,2022-11-12,0.0,IMERG_Final_V07
27.692383,94.293935,2025-07-19,44.8499870300293,IMERG_Final_V07
28.769193,94.738712,2024-05-28,14.369998931884766,IMERG_Final_V07
24.144548,92.058667,2023-08-02,12.170000076293945,IMERG_Final_V07
27.289121,94.133275,2012-06-26,16.760000228881836,IMERG_Final_V07
25.538395,92.383335,2013-08-06,7.805000305175781,IMERG_Final_V07
27.648854,88.809522,2024-05-28,0.0,IMERG_Final_V07
25.640692,92.153984,2009-07-10,0.0,IMERG_Final_V07
27.63905,93.567677,2025-07-07,3.8449997901916504,IMERG_Final_V07
28.551365,93.857669,2024-05-28,4.274999618530273,IMERG_Final_V07
26.490174,91.746359,2025-06-02,11.669999122619629,IMERG_Final_V07
28.299176,93.846093,2025-05-31,1.3849999904632568,IMERG_Final_V07
28.043075,95.577657,2024-08-13,0.0,IMERG_Final_V07
26.114717,90.327842,2022-05-16,87.93499755859375,IMERG_Final_V07
28.515464,95.771504,2025-05-30,241.25997924804688,IMERG_Final_V07
25.56278,93.61817,2025-06-01,26.51000213623047,IMERG_Final_V07
26.238074,91.162072,2025-05-31,23.759998321533203,IMERG_Final_V07
26.780161,91.78666,2024-07-02,4.189999580383301,IMERG_Final_V07
23.621995,92.403957,2024-09-28,0.0,IMERG_Final_V07
25.700368,92.081734,2024-05-28,54.05499267578125,IMERG_Final_V07
24.302405,93.629463,2024-05-28,117.15998840332031,IMERG_Final_V07
24.976539,94.560183,2025-05-31,34.195003509521484,IMERG_Final_V07
29.067624,95.471582,2024-07-02,1.3850001096725464,IMERG_Final_V07
28.702367,94.855546,2024-05-28,15.52500057220459,IMERG_Final_V07
24.417833,93.842325,2024-07-02,55.904998779296875,IMERG_Final_V07
27.615179,95.447833,2025-05-31,14.805000305175781,IMERG_Final_V07
27.574486,92.588382,2025-05-31,11.889999389648438,IMERG_Final_V07
26.023681,91.843996,2007-09-08,100.67001342773438,IMERG_Final_V07
28.219859,93.817879,2021-06-08,36.11000061035156,IMERG_Final_V07
29.009012,96.376559,2024-10-22,1.8949999809265137,IMERG_Final_V07
25.635778,94.46797,2024-09-20,0.2750000059604645,IMERG_Final_V07
28.928181,96.353665,2022-06-17,11.129999160766602,IMERG_Final_V07
27.751825,92.978102,2024-05-28,18.150001525878906,IMERG_Final_V07
26.545485,93.608048,2022-05-13,26.56999969482422,IMERG_Final_V07
22.226135,92.591858,2020-05-26,0.22999998927116394,IMERG_Final_V07
28.211697,95.570037,2021-06-05,9.6850004196167,IMERG_Final_V07
26.708592,92.5347,2025-05-28,25.56999969482422,IMERG_Final_V07
28.86559,94.86398,2025-05-31,1.4800000190734863,IMERG_Final_V07
25.1966,92.075458,2025-06-01,56.54499816894531,IMERG_Final_V07
27.702312,88.291584,2020-05-26,0.6299999356269836,IMERG_Final_V07
22.40462,92.975828,2025-05-31,12.329999923706055,IMERG_Final_V07
26.424686,92.328392,2025-05-31,5.295000076293945,IMERG_Final_V07
28.389729,93.306842,2024-07-02,1.0549999475479126,IMERG_Final_V07
27.559692,96.215738,2017-06-13,17.125,IMERG_Final_V07
26.477244,93.097418,2024-09-25,27.374996185302734,IMERG_Final_V07
26.855514,94.047786,2022-06-17,32.93000030517578,IMERG_Final_V07
28.374683,94.929102,2007-08-28,0.0,IMERG_Final_V07
25.563908,91.960559,2024-09-25,47.03000259399414,IMERG_Final_V07
26.374799,90.084598,2019-06-27,7.710000038146973,IMERG_Final_V07
26.336449,90.885854,2024-08-18,4.039999961853027,IMERG_Final_V07
25.963948,93.760434,2014-06-27,0.14000000059604645,IMERG_Final_V07
25.420931,90.917728,2024-07-02,6.255000114440918,IMERG_Final_V07
27.938091,96.701944,2025-05-30,100.58499145507812,IMERG_Final_V07
27.019652,94.141823,2016-05-22,9.019998550415039,IMERG_Final_V07
27.688755,94.851318,2024-05-28,27.39999771118164,IMERG_Final_V07
27.612121,96.881264,2018-06-14,18.750001907348633,IMERG_Final_V07
28.656388,94.166237,2024-07-02,1.5249998569488525,IMERG_Final_V07
27.14032,94.04931,2025-06-03,6.944999694824219,IMERG_Final_V07
25.725335,91.476498,2016-05-22,1.0499999523162842,IMERG_Final_V07
28.740203,95.348473,2024-05-28,32.125,IMERG_Final_V07
27.103396,92.46402,2025-05-31,13.079998016357422,IMERG_Final_V07
27.272007,94.507399,2012-06-07,1.475000023841858,IMERG_Final_V07
28.785082,94.67582,2024-05-28,12.434998512268066,IMERG_Final_V07
27.737955,94.13475,2025-05-30,192.91500854492188,IMERG_Final_V07
28.266034,95.519185,2025-05-30,137.79498291015625,IMERG_Final_V07
23.685581,93.066112,2024-05-30,0.3649999797344208,IMERG_Final_V07
27.285819,96.335769,2024-05-28,74.01500701904297,IMERG_Final_V07
26.168839,93.302247,2024-08-13,0.0,IMERG_Final_V07
25.576321,94.229868,2024-07-17,11.235000610351562,IMERG_Final_V07
26.029844,93.200667,2025-06-02,8.09999942779541,IMERG_Final_V07
24.086218,93.444897,2024-11-28,1.8949999809265137,IMERG_Final_V07
25.206078,91.733167,2024-09-25,28.45499610900879,IMERG_Final_V07
26.775941,93.763472,2024-05-28,59.76000213623047,IMERG_Final_V07
26.660705,92.771489,2025-05-31,16.160001754760742,IMERG_Final_V07
28.488966,95.454173,2024-06-28,150.47003173828125,IMERG_Final_V07
28.741995,94.544263,2016-05-22,10.835000038146973,IMERG_Final_V07
24.457617,92.872642,2024-05-28,111.69499206542969,IMERG_Final_V07
27.921343,95.536378,2024-06-01,15.770000457763672,IMERG_Final_V07
28.473221,95.065427,2024-09-28,3.6399998664855957,IMERG_Final_V07
25.704689,94.425276,2024-05-28,82.40999603271484,IMERG_Final_V07
27.165872,88.286742,2025-05-31,12.535001754760742,IMERG_Final_V07
27.34997,88.590641,2024-05-28,1.5799996852874756,IMERG_Final_V07
24.826581,92.529792,2025-06-01,50.67499542236328,IMERG_Final_V07
26.691345,93.60093,2025-05-30,89.98499298095703,IMERG_Final_V07
26.663766,94.005375,2020-06-02,14.604998588562012,IMERG_Final_V07
25.800568,91.380813,2016-04-22,0.0,IMERG_Final_V07
23.058439,92.502148,2025-06-06,0.0,IMERG_Final_V07
25.390312,93.090364,2025-05-30,58.274993896484375,IMERG_Final_V07
28.391682,95.593468,2024-05-28,42.65000534057617,IMERG_Final_V07
29.165919,96.146684,2022-06-16,17.625,IMERG_Final_V07
24.198913,91.92819,2017-10-29,6.4850006103515625,IMERG_Final_V07
23.769983,92.192051,2025-05-31,73.57499694824219,IMERG_Final_V07
26.25014,92.764196,2025-05-30,89.92498779296875,IMERG_Final_V07
28.138771,96.509266,2024-05-28,28.270002365112305,IMERG_Final_V07
25.370508,91.415007,2024-09-03,0.6449999809265137,IMERG_Final_V07
27.351122,94.102577,2016-05-18,8.800000190734863,IMERG_Final_V07
24.002779,91.819074,2024-05-28,27.480003356933594,IMERG_Final_V07
26.125124,91.475235,2024-05-28,17.76500129699707,IMERG_Final_V07
25.591749,94.341617,2017-05-20,2.825000047683716,IMERG_Final_V07
28.143727,94.378358,2024-05-28,27.68000030517578,IMERG_Final_V07
28.246373,94.322854,2023-10-04,5.294999599456787,IMERG_Final_V07
27.801794,95.546481,2025-05-13,11.020000457763672,IMERG_Final_V07
27.758677,95.910432,2019-05-09,16.654996871948242,IMERG_Final_V07
26.912195,94.401847,2024-05-28,50.28999710083008,IMERG_Final_V07
28.627326,94.016347,2024-07-02,0.5499999523162842,IMERG_Final_V07
28.442627,96.278495,2024-05-28,20.639999389648438,IMERG_Final_V07
24.523491,92.901356,2025-05-30,33.37000274658203,IMERG_Final_V07
27.686744,93.630566,2016-05-27,5.2049994468688965,IMERG_Final_V07
26.611126,92.54615,2025-05-31,10.925000190734863,IMERG_Final_V07
27.895152,95.320643,2025-07-07,0.0,IMERG_Final_V07
27.209196,88.230893,2012-06-22,17.464998245239258,IMERG_Final_V07
23.944949,94.16208,2021-08-27,8.945000648498535,IMERG_Final_V07
29.017961,95.11037,2008-07-01,4.669999599456787,IMERG_Final_V07
26.527488,91.336905,2024-05-28,23.30500030517578,IMERG_Final_V07
27.424324,92.865851,2025-06-01,26.48499870300293,IMERG_Final_V07
25.162048,94.321211,2024-05-28,37.2449951171875,IMERG_Final_V07
27.351107,88.836353,2024-09-12,1.225000023841858,IMERG_Final_V07
26.92455,94.87133,2023-06-17,9.679998397827148,IMERG_Final_V07
28.857383,96.378442,2025-05-30,118.28001403808594,IMERG_Final_V07
27.629279,96.733922,2024-07-02,9.129999160766602,IMERG_Final_V07
25.043595,93.495135,2025-06-01,51.464996337890625,IMERG_Final_V07
28.195025,93.994255,2023-07-24,15.714996337890625,IMERG_Final_V07
23.807949,91.842547,2025-06-01,33.71999740600586,IMERG_Final_V07
27.06243,92.268753,2024-08-06,21.42999839782715,IMERG_Final_V07
25.808904,92.517166,2025-06-15,15.919999122619629,IMERG_Final_V07
28.502184,94.515497,2025-07-02,13.619999885559082,IMERG_Final_V07
26.9176,94.182155,2016-07-17,3.5199999809265137,IMERG_Final_V07
24.852314,92.928778,2024-07-02,27.08500099182129,IMERG_Final_V07
27.232159,95.837728,2024-09-25,3.6649999618530273,IMERG_Final_V07
28.033983,97.109912,2014-08-26,5.119999408721924,IMERG_Final_V07
28.561728,94.199785,2025-05-29,22.89499855041504,IMERG_Final_V07
28.789695,95.320095,2023-10-25,0.0,IMERG_Final_V07
25.125625,94.19226,2024-05-28,80.93498992919922,IMERG_Final_V07
27.835009,92.944419,2017-06-16,17.774999618530273,IMERG_Final_V07
26.375732,92.137523,2023-09-17,0.0,IMERG_Final_V07
25.802166,89.926165,2025-06-05,7.299999237060547,IMERG_Final_V07
24.79299,93.940258,2018-05-18,5.119999885559082,IMERG_Final_V07
26.811443,91.660389,2024-05-28,14.100000381469727,IMERG_Final_V07
23.853922,92.143649,2022-04-04,0.4399999976158142,IMERG_Final_V07
23.634547,93.116162,2024-05-28,74.84501647949219,IMERG_Final_V07
24.568936,93.360513,2021-09-18,20.685001373291016,IMERG_Final_V07
27.491363,95.484331,2025-06-01,5.294999599456787,IMERG_Final_V07
24.378765,92.743349,2023-06-09,35.58000183105469,IMERG_Final_V07
27.87111,88.576309,2021-08-01,3.9749999046325684,IMERG_Final_V07
26.237848,92.953216,2025-06-14,7.539999961853027,IMERG_Final_V07
26.439406,91.799397,2025-06-01,57.480003356933594,IMERG_Final_V07
26.335254,91.36319,2024-06-01,24.30999755859375,IMERG_Final_V07
25.584453,92.536047,2024-05-28,43.035003662109375,IMERG_Final_V07
26.506242,90.156698,2013-08-15,10.369999885559082,IMERG_Final_V07
29.189862,94.430459,2020-06-05,5.28000020980835,IMERG_Final_V07
27.42763,96.759371,2025-05-29,99.11000061035156,IMERG_Final_V07
25.642473,92.518204,2024-08-28,25.419998168945312,IMERG_Final_V07
26.628485,89.873186,2024-05-28,53.42499542236328,IMERG_Final_V07
23.20514,92.462623,2025-05-30,94.17000579833984,IMERG_Final_V07
25.205455,94.082469,2019-07-02,0.22499999403953552,IMERG_Final_V07
24.596645,94.331823,2024-05-28,89.39997100830078,IMERG_Final_V07
25.259175,90.434229,2024-05-28,5.494999408721924,IMERG_Final_V07
22.949253,92.473643,2025-05-31,58.154998779296875,IMERG_Final_V07
25.596289,91.8246,2025-06-01,55.24500274658203,IMERG_Final_V07
25.480567,94.501235,2022-05-14,3.0749998092651367,IMERG_Final_V07
26.288686,95.043852,2007-08-11,6.744999885559082,IMERG_Final_V07
27.655228,94.768681,2024-09-24,6.350001335144043,IMERG_Final_V07
25.049192,92.479475,2025-05-31,122.55000305175781,IMERG_Final_V07
25.518337,93.983373,2025-06-02,18.34000015258789,IMERG_Final_V07
25.484827,92.222842,2024-05-28,43.06999206542969,IMERG_Final_V07
26.920351,92.771366,2016-07-20,4.914999485015869,IMERG_Final_V07
25.21742,91.911292,2024-05-28,78.86000061035156,IMERG_Final_V07
28.032557,93.679898,2019-07-09,33.80999755859375,IMERG_Final_V07
25.395395,90.524832,2018-08-24,9.180000305175781,IMERG_Final_V07
25.336563,92.172162,2024-06-01,50.994998931884766,IMERG_Final_V07
26.658006,92.53438,2024-07-02,6.6399993896484375,IMERG_Final_V07
24.810861,93.356372,2016-04-23,43.064998626708984,IMERG_Final_V07
24.367898,93.775247,2024-05-28,115.51998901367188,IMERG_Final_V07
26.020049,94.625391,2007-08-18,5.559999942779541,IMERG_Final_V07
27.583542,95.300091,2024-07-02,7.289999961853027,IMERG_Final_V07
26.235868,94.204378,2024-05-28,61.86000061035156,IMERG_Final_V07
28.345324,95.013815,2016-07-17,15.459999084472656,IMERG_Final_V07
25.015351,94.551277,2025-05-31,34.380001068115234,IMERG_Final_V07
27.555949,96.695558,2018-08-24,0.6449999809265137,IMERG_Final_V07
26.026054,92.797741,2023-08-17,4.619999885559082,IMERG_Final_V07
27.422599,94.311078,2024-05-28,50.62000274658203,IMERG_Final_V07
22.713013,92.899881,2020-05-25,2.629999876022339,IMERG_Final_V07
24.355201,92.795859,2025-06-01,45.06000900268555,IMERG_Final_V07
25.573142,90.42462,2013-08-11,19.119997024536133,IMERG_Final_V07
26.578905,94.067402,2024-05-28,88.70500946044922,IMERG_Final_V07
27.104937,95.520611,2024-05-28,69.62998962402344,IMERG_Final_V07
28.531626,94.791018,2024-05-28,20.614999771118164,IMERG_Final_V07
23.615216,93.215066,2025-06-01,98.15499114990234,IMERG_Final_V07
25.116007,92.978733,2024-05-28,82.36998748779297,IMERG_Final_V07
25.628295,93.605387,2024-05-28,88.02001190185547,IMERG_Final_V07
27.785345,93.992785,2025-06-04,11.789999961853027,IMERG_Final_V07
25.368924,90.772338,2024-05-28,5.239999771118164,IMERG_Final_V07
26.794392,95.414747,2025-06-05,0.0,IMERG_Final_V07
23.879321,92.73891,2024-05-28,82.35499572753906,IMERG_Final_V07
26.872223,93.244922,2025-06-01,8.539999961853027,IMERG_Final_V07
23.825305,92.680402,2007-07-19,75.19998931884766,IMERG_Final_V07
25.368217,94.24699,2014-07-18,0.26999998092651367,IMERG_Final_V07
25.67782,90.639398,2024-05-28,3.5149998664855957,IMERG_Final_V07
25.767615,94.258195,2024-05-28,68.69000244140625,IMERG_Final_V07
28.290145,96.530311,2024-05-28,24.949996948242188,IMERG_Final_V07
28.382722,94.988968,2023-07-25,3.6700000762939453,IMERG_Final_V07
26.594654,91.322327,2014-07-17,6.680000305175781,IMERG_Final_V07
25.390069,93.865796,2025-05-30,53.264991760253906,IMERG_Final_V07
25.707282,93.693676,2025-06-01,19.174999237060547,IMERG_Final_V07
27.032817,94.935577,2025-05-24,3.0199995040893555,IMERG_Final_V07
25.118946,92.875799,2024-09-03,2.200000047683716,IMERG_Final_V07
28.800489,96.282139,2024-05-28,17.854999542236328,IMERG_Final_V07
25.675998,90.294101,2007-09-15,14.399999618530273,IMERG_Final_V07
22.484598,92.959877,2024-05-28,54.32499694824219,IMERG_Final_V07
23.603758,92.85794,2024-07-02,22.28499412536621,IMERG_Final_V07
24.654027,94.084045,2024-05-28,86.69000244140625,IMERG_Final_V07
27.614105,95.612781,2024-07-02,5.814999103546143,IMERG_Final_V07
27.817237,94.199431,2024-07-02,1.7349998950958252,IMERG_Final_V07
29.075167,94.765459,2024-05-28,9.155000686645508,IMERG_Final_V07
25.650341,93.328113,2024-05-28,65.95999908447266,IMERG_Final_V07
25.828336,92.690867,2013-08-17,1.334999918937683,IMERG_Final_V07
28.692697,94.655535,2025-06-01,13.745002746582031,IMERG_Final_V07
25.370838,93.194564,2024-09-28,1.2049999237060547,IMERG_Final_V07
25.231456,90.336707,2025-07-05,4.224999904632568,IMERG_Final_V07
26.78577,92.805338,2022-11-20,0.0,IMERG_Final_V07
27.776517,92.815345,2025-05-30,212.26998901367188,IMERG_Final_V07
27.279205,88.764532,2024-05-28,1.1449999809265137,IMERG_Final_V07
28.690853,94.746994,2024-07-20,9.430000305175781,IMERG_Final_V07
28.148268,93.991358,2016-04-22,13.514999389648438,IMERG_Final_V07
25.827162,94.504695,2025-05-31,27.940000534057617,IMERG_Final_V07
25.617362,92.802938,2024-05-28,55.45500183105469,IMERG_Final_V07
26.819266,94.118632,2024-08-08,10.485000610351562,IMERG_Final_V07
26.415196,92.545044,2016-04-18,7.929999351501465,IMERG_Final_V07
25.382152,90.155519,2022-05-14,38.42499923706055,IMERG_Final_V07
25.127244,93.592476,2025-06-01,40.269996643066406,IMERG_Final_V07
26.064097,95.034453,2025-06-01,18.584999084472656,IMERG_Final_V07
25.883901,90.001936,2025-06-01,22.909997940063477,IMERG_Final_V07
26.921229,93.810808,2008-08-10,64.95499420166016,IMERG_Final_V07
24.73352,92.97885,2023-09-17,3.375,IMERG_Final_V07
28.618287,94.375654,2025-05-31,1.8199999332427979,IMERG_Final_V07
26.41895,92.201376,2024-05-28,21.780000686645508,IMERG_Final_V07
26.493536,94.756862,2018-05-20,3.6049997806549072,IMERG_Final_V07
27.958062,93.303973,2024-08-13,5.5849995613098145,IMERG_Final_V07
25.967546,93.409509,2007-07-19,2.830000162124634,IMERG_Final_V07
23.635943,91.412728,2024-05-28,15.114999771118164,IMERG_Final_V07
26.483485,92.034087,2025-05-30,81.83000946044922,IMERG_Final_V07
24.906525,94.410727,2025-05-30,54.23500061035156,IMERG_Final_V07
28.125972,96.850242,2025-05-30,176.2250213623047,IMERG_Final_V07
28.860821,95.776095,2022-09-12,3.9100003242492676,IMERG_Final_V07
24.623944,94.015801,2025-06-04,14.739999771118164,IMERG_Final_V07
27.056494,94.362537,2024-07-18,2.259999990463257,IMERG_Final_V07
24.866953,94.048867,2025-06-01,56.28999328613281,IMERG_Final_V07
25.292023,91.960822,2024-07-02,7.6449995040893555,IMERG_Final_V07
23.859928,91.579686,2023-08-06,37.0050048828125,IMERG_Final_V07
27.161881,97.004835,2022-05-15,18.755001068115234,IMERG_Final_V07
26.524976,94.676583,2022-05-15,19.299997329711914,IMERG_Final_V07
29.191064,96.315595,2025-05-31,24.68499755859375,IMERG_Final_V07
28.957414,95.661302,2024-05-24,3.6999998092651367,IMERG_Final_V07
26.241682,91.09815,2025-07-07,2.3350000381469727,IMERG_Final_V07
27.393199,92.564072,2011-07-06,0.5099999904632568,IMERG_Final_V07
27.677593,94.138068,2025-09-11,7.559999942779541,IMERG_Final_V07
27.172405,95.357904,2024-05-28,40.965003967285156,IMERG_Final_V07
23.686826,91.244691,2024-07-02,71.08499145507812,IMERG_Final_V07
23.885128,92.0701,2017-07-03,2.609999656677246,IMERG_Final_V07
23.587243,91.582944,2024-05-28,12.664997100830078,IMERG_Final_V07
25.88414,91.654964,2016-05-17,44.40500259399414,IMERG_Final_V07
26.268848,92.837661,2024-05-28,48.7449951171875,IMERG_Final_V07
23.635676,91.630396,2025-06-01,26.88500213623047,IMERG_Final_V07
28.470872,94.820906,2024-06-30,58.50000762939453,IMERG_Final_V07
25.873591,94.275743,2024-09-28,0.13499999046325684,IMERG_Final_V07
24.388137,93.082367,2024-07-02,34.30000305175781,IMERG_Final_V07
26.060534,90.593825,2011-05-31,10.084999084472656,IMERG_Final_V07
26.678047,92.668641,2024-08-13,0.0,IMERG_Final_V07
27.204204,94.851851,2025-05-31,4.739999771118164,IMERG_Final_V07
24.952698,93.439322,2025-06-01,42.04500198364258,IMERG_Final_V07
25.353186,93.653045,2008-12-26,0.0,IMERG_Final_V07
23.469892,92.670428,2017-06-04,21.27499771118164,IMERG_Final_V07
27.062931,92.388211,2024-09-28,5.049999713897705,IMERG_Final_V07
27.455148,92.369316,2023-06-02,0.0,IMERG_Final_V07
23.117927,93.257612,2022-06-17,13.025001525878906,IMERG_Final_V07
26.378013,94.913067,2024-05-28,57.7349967956543,IMERG_Final_V07
26.596589,92.128583,2024-05-28,18.40499496459961,IMERG_Final_V07
27.613016,93.084579,2024-07-02,15.034997940063477,IMERG_Final_V07
27.967232,94.533001,2022-06-16,61.72499084472656,IMERG_Final_V07
25.56215,92.734374,2024-06-17,54.94000244140625,IMERG_Final_V07
26.935371,92.96149,2024-09-24,12.304999351501465,IMERG_Final_V07
26.770833,93.199061,2025-05-31,11.244999885559082,IMERG_Final_V07
27.358462,94.780194,2019-06-27,10.355000495910645,IMERG_Final_V07
25.56775,91.393772,2025-06-01,73.57500457763672,IMERG_Final_V07
25.948833,90.723528,2024-05-28,12.48499870300293,IMERG_Final_V07
25.747227,91.140569,2025-06-01,45.73999786376953,IMERG_Final_V07
27.518598,94.133724,2024-07-02,11.079999923706055,IMERG_Final_V07
28.722224,95.746559,2023-06-17,2.065000057220459,IMERG_Final_V07
27.491315,88.186811,2025-06-02,4.809999465942383,IMERG_Final_V07
23.468649,93.245377,2024-05-28,55.524993896484375,IMERG_Final_V07
25.50247,90.011292,2025-06-01,15.939998626708984,IMERG_Final_V07
25.638312,89.974588,2024-05-28,4.119999885559082,IMERG_Final_V07
26.769692,92.778534,2024-10-21,0.0,IMERG_Final_V07
26.332703,91.953283,2024-06-18,96.12998962402344,IMERG_Final_V07
29.357231,95.942206,2022-06-15,6.304999351501465,IMERG_Final_V07
27.507864,95.08516,2024-05-28,39.11499786376953,IMERG_Final_V07
26.867215,94.783565,2025-06-01,3.4300003051757812,IMERG_Final_V07
26.498555,94.781053,2024-05-28,45.48999786376953,IMERG_Final_V07
25.389431,90.728862,2022-08-25,0.0,IMERG_Final_V07
25.615169,91.146198,2024-08-21,55.125,IMERG_Final_V07
25.578117,91.688707,2024-06-20,0.8849999904632568,IMERG_Final_V07
25.42687,91.49031,2025-06-01,64.21500396728516,IMERG_Final_V07
28.54143,94.431064,2007-09-15,25.104999542236328,IMERG_Final_V07
26.365695,91.333676,2022-06-15,120.84001159667969,IMERG_Final_V07
24.904522,94.276317,2023-06-04,1.274999976158142,IMERG_Final_V07
25.228664,92.463029,2023-08-12,17.66499900817871,IMERG_Final_V07
25.542814,92.798038,2018-04-28,14.80999755859375,IMERG_Final_V07
28.188667,94.186352,2009-07-01,3.0850000381469727,IMERG_Final_V07
24.728548,93.334487,2015-06-01,6.194999694824219,IMERG_Final_V07
26.775395,94.744501,2024-07-02,6.099999904632568,IMERG_Final_V07
26.70173,90.224029,2008-08-16,17.604997634887695,IMERG_Final_V07
25.694168,90.776643,2022-05-14,58.105003356933594,IMERG_Final_V07
25.42577,91.24428,2024-07-02,5.2699995040893555,IMERG_Final_V07
25.618932,93.205041,2025-09-13,49.93000030517578,IMERG_Final_V07
24.692212,94.268684,2024-08-18,46.07999801635742,IMERG_Final_V07
24.147713,93.329052,2025-05-31,45.409996032714844,IMERG_Final_V07
24.363984,92.93762,2024-05-28,98.36500549316406,IMERG_Final_V07
28.81999,94.379231,2024-05-28,10.069998741149902,IMERG_Final_V07
28.717683,96.164236,2016-05-22,37.755001068115234,IMERG_Final_V07
28.300422,95.56018,2024-07-07,1.5,IMERG_Final_V07
25.82514,90.931868,2025-06-01,57.525001525878906,IMERG_Final_V07
