index,latitude,longitude,error
39,29.00634,94.24856,DEM tile not found: data/satellite\N29E094.hgt
47,29.286876,96.140114,DEM tile not found: data/satellite\N29E096.hgt
80,29.115468,96.035224,DEM tile not found: data/satellite\N29E096.hgt
89,29.200439,95.714225,DEM tile not found: data/satellite\N29E095.hgt
93,28.176814,93.987191,DEM tile not found: data/satellite\N28E093.hgt
109,29.071516,94.969589,DEM tile not found: data/satellite\N29E094.hgt
132,28.115419,92.785353,DEM tile not found: data/satellite\N28E092.hgt
140,28.485324,93.560361,DEM tile not found: data/satellite\N28E093.hgt
161,27.995292,97.105214,DEM tile not found: data/satellite\N27E097.hgt
164,29.01659,95.743519,DEM tile not found: data/satellite\N29E095.hgt
187,28.015113,93.409196,DEM tile not found: data/satellite\N28E093.hgt
188,29.274387,95.957268,DEM tile not found: data/satellite\N29E095.hgt
201,28.20179,93.823058,DEM tile not found: data/satellite\N28E093.hgt
207,28.444282,93.883189,DEM tile not found: data/satellite\N28E093.hgt
220,27.196735,97.109225,DEM tile not found: data/satellite\N27E097.hgt
233,28.087888,97.095798,DEM tile not found: data/satellite\N28E097.hgt
245,28.062432,93.145169,DEM tile not found: data/satellite\N28E093.hgt
247,28.047296,93.951005,DEM tile not found: data/satellite\N28E093.hgt
253,28.128904,93.675733,DEM tile not found: data/satellite\N28E093.hgt
256,29.110645,94.399175,DEM tile not found: data/satellite\N29E094.hgt
259,29.080798,94.395899,DEM tile not found: data/satellite\N29E094.hgt
275,28.280843,93.700979,DEM tile not found: data/satellite\N28E093.hgt
276,28.150692,93.31066,DEM tile not found: data/satellite\N28E093.hgt
282,26.505709,89.930263,DEM tile not found: data/satellite\N26E089.hgt
310,28.099073,97.226394,DEM tile not found: data/satellite\N28E097.hgt
324,29.120018,95.09807,DEM tile not found: data/satellite\N29E095.hgt
332,26.328755,89.943222,DEM tile not found: data/satellite\N26E089.hgt
343,28.136574,93.012808,DEM tile not found: data/satellite\N28E093.hgt
353,28.514827,93.680139,DEM tile not found: data/satellite\N28E093.hgt
363,29.213892,95.73576,DEM tile not found: data/satellite\N29E095.hgt
366,29.053438,95.971765,DEM tile not found: data/satellite\N29E095.hgt
376,28.39697,93.331704,DEM tile not found: data/satellite\N28E093.hgt
385,22.984937,91.591428,DEM tile not found: data/satellite\N22E091.hgt
420,29.193728,95.675822,DEM tile not found: data/satellite\N29E095.hgt
431,29.356734,96.078175,DEM tile not found: data/satellite\N29E096.hgt
432,27.853078,97.062932,DEM tile not found: data/satellite\N27E097.hgt
460,28.220609,93.975056,DEM tile not found: data/satellite\N28E093.hgt
474,26.183197,89.898754,DEM tile not found: data/satellite\N26E089.hgt
489,29.33475,95.818301,DEM tile not found: data/satellite\N29E095.hgt
499,29.071279,94.597999,DEM tile not found: data/satellite\N29E094.hgt
515,28.260707,93.387291,DEM tile not found: data/satellite\N28E093.hgt
523,28.267801,93.216502,DEM tile not found: data/satellite\N28E093.hgt
526,28.21746,93.908612,DEM tile not found: data/satellite\N28E093.hgt
577,28.551365,93.857669,DEM tile not found: data/satellite\N28E093.hgt
591,29.092325,94.32457,DEM tile not found: data/satellite\N29E094.hgt
600,28.583127,93.657803,DEM tile not found: data/satellite\N28E093.hgt
624,29.323957,95.755468,DEM tile not found: data/satellite\N29E095.hgt
650,28.275296,93.714974,DEM tile not found: data/satellite\N28E093.hgt
661,28.183888,92.913531,DEM tile not found: data/satellite\N28E092.hgt
694,29.140146,95.560442,DEM tile not found: data/satellite\N29E095.hgt
716,28.064759,88.576708,DEM tile not found: data/satellite\N28E088.hgt
720,29.188366,96.166086,DEM tile not found: data/satellite\N29E096.hgt
721,26.274168,89.88265,DEM tile not found: data/satellite\N26E089.hgt
725,28.328788,93.386048,DEM tile not found: data/satellite\N28E093.hgt
761,28.233953,93.380169,DEM tile not found: data/satellite\N28E093.hgt
831,28.150814,93.253604,DEM tile not found: data/satellite\N28E093.hgt
852,28.279908,93.901888,DEM tile not found: data/satellite\N28E093.hgt
854,28.446892,93.607471,DEM tile not found: data/satellite\N28E093.hgt
888,28.126509,93.23047,DEM tile not found: data/satellite\N28E093.hgt
909,29.168005,94.9846,DEM tile not found: data/satellite\N29E094.hgt
911,27.947394,97.042338,DEM tile not found: data/satellite\N27E097.hgt
914,28.027715,97.32232,DEM tile not found: data/satellite\N28E097.hgt
919,29.178177,94.390553,DEM tile not found: data/satellite\N29E094.hgt
942,28.094728,93.568465,DEM tile not found: data/satellite\N28E093.hgt
960,28.651814,93.459649,DEM tile not found: data/satellite\N28E093.hgt
967,28.4152,93.966671,DEM tile not found: data/satellite\N28E093.hgt
975,29.054772,95.53188,DEM tile not found: data/satellite\N29E095.hgt
976,29.020985,95.61547,DEM tile not found: data/satellite\N29E095.hgt
987,28.256772,97.161019,DEM tile not found: data/satellite\N28E097.hgt
989,26.173267,89.746704,DEM tile not found: data/satellite\N26E089.hgt
1000,27.988503,97.343306,DEM tile not found: data/satellite\N27E097.hgt
1009,28.475131,93.329052,DEM tile not found: data/satellite\N28E093.hgt
1018,28.197201,93.778905,DEM tile not found: data/satellite\N28E093.hgt
1052,28.023431,93.394518,DEM tile not found: data/satellite\N28E093.hgt
1074,28.178878,92.919028,DEM tile not found: data/satellite\N28E092.hgt
1078,29.189862,94.430459,DEM tile not found: data/satellite\N29E094.hgt
1115,29.145365,94.91535,DEM tile not found: data/satellite\N29E094.hgt
1130,29.20859,96.179359,DEM tile not found: data/satellite\N29E096.hgt
1136,29.194013,94.617151,DEM tile not found: data/satellite\N29E094.hgt
1137,28.215431,93.3653,DEM tile not found: data/satellite\N28E093.hgt
1149,29.163431,94.699754,DEM tile not found: data/satellite\N29E094.hgt
1158,28.494123,93.933993,DEM tile not found: data/satellite\N28E093.hgt
1169,26.037334,89.940703,DEM tile not found: data/satellite\N26E089.hgt
1177,28.001312,97.252622,DEM tile not found: data/satellite\N28E097.hgt
1189,29.04502,95.029819,DEM tile not found: data/satellite\N29E095.hgt
1212,28.257947,93.632626,DEM tile not found: data/satellite\N28E093.hgt
1249,26.253981,89.832418,DEM tile not found: data/satellite\N26E089.hgt
1264,29.228011,96.016937,DEM tile not found: data/satellite\N29E096.hgt
1289,28.464586,93.726345,DEM tile not found: data/satellite\N28E093.hgt
1297,28.03591,93.775137,DEM tile not found: data/satellite\N28E093.hgt
1299,26.219386,89.736812,DEM tile not found: data/satellite\N26E089.hgt
1314,26.016844,89.95937,DEM tile not found: data/satellite\N26E089.hgt
1349,28.084111,97.290929,DEM tile not found: data/satellite\N28E097.hgt
1353,28.475252,93.882246,DEM tile not found: data/satellite\N28E093.hgt
1358,28.480093,93.670618,DEM tile not found: data/satellite\N28E093.hgt
1361,28.055736,97.013816,DEM tile not found: data/satellite\N28E097.hgt
1382,29.39869,95.988882,DEM tile not found: data/satellite\N29E095.hgt
1390,29.123935,94.479771,DEM tile not found: data/satellite\N29E094.hgt
1414,28.334277,93.602067,DEM tile not found: data/satellite\N28E093.hgt
1418,27.949243,97.283604,DEM tile not found: data/satellite\N27E097.hgt
1424,29.181215,96.231743,DEM tile not found: data/satellite\N29E096.hgt
1429,29.096187,94.959191,DEM tile not found: data/satellite\N29E094.hgt
1457,28.427178,93.199265,DEM tile not found: data/satellite\N28E093.hgt
1492,29.253864,96.033948,DEM tile not found: data/satellite\N29E096.hgt
1494,28.063955,93.362975,DEM tile not found: data/satellite\N28E093.hgt
1498,28.182917,93.22171,DEM tile not found: data/satellite\N28E093.hgt
1500,28.274694,93.270014,DEM tile not found: data/satellite\N28E093.hgt
1508,28.352317,93.52443,DEM tile not found: data/satellite\N28E093.hgt
1516,29.105042,95.954264,DEM tile not found: data/satellite\N29E095.hgt
1523,29.109558,96.172216,DEM tile not found: data/satellite\N29E096.hgt
1527,21.967711,92.907128,DEM tile not found: data/satellite\N21E092.hgt
1536,28.005468,97.369308,DEM tile not found: data/satellite\N28E097.hgt
1565,29.01325,94.853535,DEM tile not found: data/satellite\N29E094.hgt
1581,28.588126,93.726976,DEM tile not found: data/satellite\N28E093.hgt
1587,29.21874,95.990331,DEM tile not found: data/satellite\N29E095.hgt
1589,28.054731,93.772534,DEM tile not found: data/satellite\N28E093.hgt
1609,28.226875,97.322774,DEM tile not found: data/satellite\N28E097.hgt
1622,26.344388,89.86168,DEM tile not found: data/satellite\N26E089.hgt
1640,28.113323,97.250232,DEM tile not found: data/satellite\N28E097.hgt
1655,28.025154,97.237373,DEM tile not found: data/satellite\N28E097.hgt
1665,28.361108,93.421002,DEM tile not found: data/satellite\N28E093.hgt
1706,28.021231,93.737634,DEM tile not found: data/satellite\N28E093.hgt
1731,28.292398,93.463044,DEM tile not found: data/satellite\N28E093.hgt
1737,28.194353,92.909029,DEM tile not found: data/satellite\N28E092.hgt
1777,29.411425,96.084154,DEM tile not found: data/satellite\N29E096.hgt
1787,28.182088,92.941785,DEM tile not found: data/satellite\N28E092.hgt
1800,29.129992,95.929405,DEM tile not found: data/satellite\N29E095.hgt
1814,28.136313,97.141603,DEM tile not found: data/satellite\N28E097.hgt
1832,28.48253,93.929725,DEM tile not found: data/satellite\N28E093.hgt
1883,29.055703,94.894936,DEM tile not found: data/satellite\N29E094.hgt
1916,26.021857,89.867968,DEM tile not found: data/satellite\N26E089.hgt
1955,28.297161,93.670733,DEM tile not found: data/satellite\N28E093.hgt
1974,28.589802,93.438029,DEM tile not found: data/satellite\N28E093.hgt
1977,28.088627,93.922588,DEM tile not found: data/satellite\N28E093.hgt
1990,28.286177,93.823613,DEM tile not found: data/satellite\N28E093.hgt
1996,29.047064,94.965506,DEM tile not found: data/satellite\N29E094.hgt
2003,29.189328,95.87787,DEM tile not found: data/satellite\N29E095.hgt
2024,28.246229,93.76755,DEM tile not found: data/satellite\N28E093.hgt
2027,28.627592,93.908884,DEM tile not found: data/satellite\N28E093.hgt
2028,29.32985,94.656143,DEM tile not found: data/satellite\N29E094.hgt
2039,29.035075,94.632377,DEM tile not found: data/satellite\N29E094.hgt
2042,28.532499,93.369313,DEM tile not found: data/satellite\N28E093.hgt
2052,29.132638,96.090788,DEM tile not found: data/satellite\N29E096.hgt
2053,28.64891,93.408115,DEM tile not found: data/satellite\N28E093.hgt
2071,29.348558,95.827059,DEM tile not found: data/satellite\N29E095.hgt
2072,28.160746,97.291493,DEM tile not found: data/satellite\N28E097.hgt
2073,28.440493,93.375727,DEM tile not found: data/satellite\N28E093.hgt
2106,28.173407,93.497077,DEM tile not found: data/satellite\N28E093.hgt
2111,28.605013,93.340412,DEM tile not found: data/satellite\N28E093.hgt
2113,29.080333,94.69997,DEM tile not found: data/satellite\N29E094.hgt
2136,26.359472,89.801119,DEM tile not found: data/satellite\N26E089.hgt
2146,27.86147,97.154643,DEM tile not found: data/satellite\N27E097.hgt
2155,28.142414,93.05395,DEM tile not found: data/satellite\N28E093.hgt
2172,26.325681,89.975514,DEM tile not found: data/satellite\N26E089.hgt
2179,26.51292,89.907353,DEM tile not found: data/satellite\N26E089.hgt
2194,29.174005,94.862977,DEM tile not found: data/satellite\N29E094.hgt
2199,28.389729,93.306842,DEM tile not found: data/satellite\N28E093.hgt
2214,28.106474,92.929965,DEM tile not found: data/satellite\N28E092.hgt
2270,28.059464,97.098106,DEM tile not found: data/satellite\N28E097.hgt
2327,26.2245,89.84068,DEM tile not found: data/satellite\N26E089.hgt
2339,28.122044,93.787694,DEM tile not found: data/satellite\N28E093.hgt
2379,29.237037,95.885484,DEM tile not found: data/satellite\N29E095.hgt
2403,29.191313,95.903805,DEM tile not found: data/satellite\N29E095.hgt
2417,29.001386,95.02908,DEM tile not found: data/satellite\N29E095.hgt
2420,27.928572,97.340108,DEM tile not found: data/satellite\N27E097.hgt
2437,28.17232,93.172372,DEM tile not found: data/satellite\N28E093.hgt
2456,28.071562,93.424325,DEM tile not found: data/satellite\N28E093.hgt
2467,28.442543,93.206612,DEM tile not found: data/satellite\N28E093.hgt
2472,29.026435,94.808508,DEM tile not found: data/satellite\N29E094.hgt
2495,29.114401,96.067061,DEM tile not found: data/satellite\N29E096.hgt
2504,28.026558,93.293513,DEM tile not found: data/satellite\N28E093.hgt
2568,27.935196,97.079509,DEM tile not found: data/satellite\N27E097.hgt
2577,29.394173,96.006027,DEM tile not found: data/satellite\N29E096.hgt
2582,28.08386,93.120267,DEM tile not found: data/satellite\N28E093.hgt
2586,29.030481,96.122554,DEM tile not found: data/satellite\N29E096.hgt
2625,26.628485,89.873186,DEM tile not found: data/satellite\N26E089.hgt
2670,26.382712,89.879883,DEM tile not found: data/satellite\N26E089.hgt
2675,28.109882,92.858993,DEM tile not found: data/satellite\N28E092.hgt
2679,28.600099,93.610123,DEM tile not found: data/satellite\N28E093.hgt
2697,28.565354,93.785033,DEM tile not found: data/satellite\N28E093.hgt
2700,28.072626,93.649757,DEM tile not found: data/satellite\N28E093.hgt
2724,27.947158,97.067698,DEM tile not found: data/satellite\N27E097.hgt
2736,29.08983,95.085518,DEM tile not found: data/satellite\N29E095.hgt
2740,28.078162,93.848109,DEM tile not found: data/satellite\N28E093.hgt
2777,28.202028,93.546459,DEM tile not found: data/satellite\N28E093.hgt
2789,28.194347,93.439393,DEM tile not found: data/satellite\N28E093.hgt
2806,28.290705,93.75061,DEM tile not found: data/satellite\N28E093.hgt
2813,28.451489,93.399648,DEM tile not found: data/satellite\N28E093.hgt
2814,29.159915,94.900149,DEM tile not found: data/satellite\N29E094.hgt
2821,26.063888,89.833749,DEM tile not found: data/satellite\N26E089.hgt
2830,28.634208,93.653502,DEM tile not found: data/satellite\N28E093.hgt
2832,28.502051,93.33202,DEM tile not found: data/satellite\N28E093.hgt
2833,29.214675,96.270801,DEM tile not found: data/satellite\N29E096.hgt
2843,28.652449,93.797191,DEM tile not found: data/satellite\N28E093.hgt
2850,29.137943,94.749307,DEM tile not found: data/satellite\N29E094.hgt
2854,28.17482,93.96179,DEM tile not found: data/satellite\N28E093.hgt
2872,28.023199,93.041427,DEM tile not found: data/satellite\N28E093.hgt
2876,28.251888,93.890242,DEM tile not found: data/satellite\N28E093.hgt
2911,29.021607,96.447088,DEM tile not found: data/satellite\N29E096.hgt
2923,27.150223,97.108878,DEM tile not found: data/satellite\N27E097.hgt
2926,29.212777,94.772621,DEM tile not found: data/satellite\N29E094.hgt
2943,29.08798,96.066471,DEM tile not found: data/satellite\N29E096.hgt
2957,29.193771,94.549982,DEM tile not found: data/satellite\N29E094.hgt
2981,28.133564,93.338443,DEM tile not found: data/satellite\N28E093.hgt
2983,29.193828,95.904885,DEM tile not found: data/satellite\N29E095.hgt
3003,28.068568,88.562168,DEM tile not found: data/satellite\N28E088.hgt
3007,28.42937,93.659441,DEM tile not found: data/satellite\N28E093.hgt
3012,29.068236,94.964027,DEM tile not found: data/satellite\N29E094.hgt
3015,28.016024,93.208954,DEM tile not found: data/satellite\N28E093.hgt
3061,29.191064,96.315595,DEM tile not found: data/satellite\N29E096.hgt
3076,26.581588,89.931363,DEM tile not found: data/satellite\N26E089.hgt
3077,28.646445,93.588527,DEM tile not found: data/satellite\N28E093.hgt
3092,29.364989,95.86833,DEM tile not found: data/satellite\N29E095.hgt
3097,27.872734,97.038109,DEM tile not found: data/satellite\N27E097.hgt
3102,29.394658,95.952714,DEM tile not found: data/satellite\N29E095.hgt
3144,28.539069,93.286425,DEM tile not found: data/satellite\N28E093.hgt
3161,28.306379,93.397527,DEM tile not found: data/satellite\N28E093.hgt
3168,29.351244,96.029427,DEM tile not found: data/satellite\N29E096.hgt
3177,28.273499,97.192662,DEM tile not found: data/satellite\N28E097.hgt
3186,28.09725,93.045518,DEM tile not found: data/satellite\N28E093.hgt
3196,28.006253,97.110529,DEM tile not found: data/satellite\N28E097.hgt
3221,29.198123,95.605573,DEM tile not found: data/satellite\N29E095.hgt
3235,29.032362,95.236994,DEM tile not found: data/satellite\N29E095.hgt
3236,26.515261,89.907486,DEM tile not found: data/satellite\N26E089.hgt
3248,29.112924,95.86211,DEM tile not found: data/satellite\N29E095.hgt
3289,25.91291,95.006109,DEM tile not found: data/satellite\N25E095.hgt
3295,29.013691,95.162022,DEM tile not found: data/satellite\N29E095.hgt
3299,28.122389,93.992337,DEM tile not found: data/satellite\N28E093.hgt
3310,28.313851,93.196612,DEM tile not found: data/satellite\N28E093.hgt
3318,28.455237,93.840708,DEM tile not found: data/satellite\N28E093.hgt
3321,28.032183,93.659129,DEM tile not found: data/satellite\N28E093.hgt
3345,28.218482,92.945995,DEM tile not found: data/satellite\N28E092.hgt
3354,29.024645,94.454077,DEM tile not found: data/satellite\N29E094.hgt
3374,25.991731,95.030991,DEM tile not found: data/satellite\N25E095.hgt
3408,29.186533,95.900754,DEM tile not found: data/satellite\N29E095.hgt
3410,26.599983,89.899892,DEM tile not found: data/satellite\N26E089.hgt
3436,29.2001,95.61866,DEM tile not found: data/satellite\N29E095.hgt
3478,28.12122,92.918681,DEM tile not found: data/satellite\N28E092.hgt
3504,29.013051,95.400276,DEM tile not found: data/satellite\N29E095.hgt
3521,29.277711,96.034135,DEM tile not found: data/satellite\N29E096.hgt
3613,28.035199,93.861466,DEM tile not found: data/satellite\N28E093.hgt
3651,28.035421,93.203222,DEM tile not found: data/satellite\N28E093.hgt
3681,27.993101,97.163995,DEM tile not found: data/satellite\N27E097.hgt
3684,28.106789,97.315843,DEM tile not found: data/satellite\N28E097.hgt
3690,27.765267,97.053155,DEM tile not found: data/satellite\N27E097.hgt
3737,28.464773,93.888647,DEM tile not found: data/satellite\N28E093.hgt
3777,29.127382,94.859425,DEM tile not found: data/satellite\N29E094.hgt
3799,27.992427,97.302679,DEM tile not found: data/satellite\N27E097.hgt
3811,28.499523,93.777364,DEM tile not found: data/satellite\N28E093.hgt
3841,28.702204,93.856184,DEM tile not found: data/satellite\N28E093.hgt
3926,28.360119,93.96825,DEM tile not found: data/satellite\N28E093.hgt
3938,28.041854,92.823963,DEM tile not found: data/satellite\N28E092.hgt
3947,28.039723,93.001873,DEM tile not found: data/satellite\N28E093.hgt
3960,26.132299,89.779271,DEM tile not found: data/satellite\N26E089.hgt
3997,29.071912,95.568778,DEM tile not found: data/satellite\N29E095.hgt
4006,28.02773,97.036353,DEM tile not found: data/satellite\N28E097.hgt
4066,27.257589,97.014019,DEM tile not found: data/satellite\N27E097.hgt
4090,28.459309,93.758699,DEM tile not found: data/satellite\N28E093.hgt
4092,28.653415,93.991572,DEM tile not found: data/satellite\N28E093.hgt
4096,28.55952,93.809936,DEM tile not found: data/satellite\N28E093.hgt
4107,28.146293,92.793185,DEM tile not found: data/satellite\N28E092.hgt
4124,29.097865,95.496288,DEM tile not found: data/satellite\N29E095.hgt
4140,28.009778,88.802535,DEM tile not found: data/satellite\N28E088.hgt
4153,28.064001,93.703937,DEM tile not found: data/satellite\N28E093.hgt
4156,28.325333,93.534535,DEM tile not found: data/satellite\N28E093.hgt
4186,29.262757,95.904136,DEM tile not found: data/satellite\N29E095.hgt
4190,29.300941,95.919937,DEM tile not found: data/satellite\N29E095.hgt
4194,29.106735,95.993175,DEM tile not found: data/satellite\N29E095.hgt
4227,29.142583,94.884868,DEM tile not found: data/satellite\N29E094.hgt
4273,28.419059,93.249225,DEM tile not found: data/satellite\N28E093.hgt
4289,26.40849,89.991236,DEM tile not found: data/satellite\N26E089.hgt
4322,29.141687,94.331571,DEM tile not found: data/satellite\N29E094.hgt
4324,28.006138,93.15025,DEM tile not found: data/satellite\N28E093.hgt
4331,27.111463,97.096766,DEM tile not found: data/satellite\N27E097.hgt
4339,28.303612,93.141281,DEM tile not found: data/satellite\N28E093.hgt
4368,28.277118,93.981901,DEM tile not found: data/satellite\N28E093.hgt
4389,28.152033,93.323658,DEM tile not found: data/satellite\N28E093.hgt
4394,29.104198,95.857277,DEM tile not found: data/satellite\N29E095.hgt
4401,29.098657,96.093432,DEM tile not found: data/satellite\N29E096.hgt
4403,29.096842,94.800543,DEM tile not found: data/satellite\N29E094.hgt
4419,28.314659,93.740137,DEM tile not found: data/satellite\N28E093.hgt
4433,29.172503,96.135773,DEM tile not found: data/satellite\N29E096.hgt
4437,28.211299,97.121531,DEM tile not found: data/satellite\N28E097.hgt
4440,29.274356,95.816532,DEM tile not found: data/satellite\N29E095.hgt
4467,29.134974,95.570121,DEM tile not found: data/satellite\N29E095.hgt
4469,29.061831,94.358687,DEM tile not found: data/satellite\N29E094.hgt
4472,28.295522,93.524659,DEM tile not found: data/satellite\N28E093.hgt
4525,28.051213,93.198203,DEM tile not found: data/satellite\N28E093.hgt
4538,28.625987,93.645596,DEM tile not found: data/satellite\N28E093.hgt
4567,28.455645,93.856984,DEM tile not found: data/satellite\N28E093.hgt
4577,28.353954,93.693438,DEM tile not found: data/satellite\N28E093.hgt
4591,28.304396,93.348755,DEM tile not found: data/satellite\N28E093.hgt
4592,27.971564,97.050354,DEM tile not found: data/satellite\N27E097.hgt
4603,29.290939,95.820237,DEM tile not found: data/satellite\N29E095.hgt
4610,28.250968,97.051432,DEM tile not found: data/satellite\N28E097.hgt
4613,28.299084,93.814198,DEM tile not found: data/satellite\N28E093.hgt
4618,28.496611,93.710434,DEM tile not found: data/satellite\N28E093.hgt
4623,28.006325,93.745167,DEM tile not found: data/satellite\N28E093.hgt
4626,29.124625,94.970348,DEM tile not found: data/satellite\N29E094.hgt
4636,27.941808,97.313617,DEM tile not found: data/satellite\N27E097.hgt
4653,28.174042,93.479046,DEM tile not found: data/satellite\N28E093.hgt
4655,26.540054,89.979851,DEM tile not found: data/satellite\N26E089.hgt
4682,29.136205,94.792979,DEM tile not found: data/satellite\N29E094.hgt
4685,28.254875,93.983506,DEM tile not found: data/satellite\N28E093.hgt
4703,29.19272,94.498474,DEM tile not found: data/satellite\N29E094.hgt
4766,28.195287,93.286407,DEM tile not found: data/satellite\N28E093.hgt
4772,28.148268,93.991358,DEM tile not found: data/satellite\N28E093.hgt
4823,29.223975,96.121846,DEM tile not found: data/satellite\N29E096.hgt
4851,28.013107,97.306093,DEM tile not found: data/satellite\N28E097.hgt
4855,29.209354,96.070877,DEM tile not found: data/satellite\N29E096.hgt
4856,28.244734,93.4734,DEM tile not found: data/satellite\N28E093.hgt
4861,29.174002,96.205912,DEM tile not found: data/satellite\N29E096.hgt
4871,29.013715,95.32772,DEM tile not found: data/satellite\N29E095.hgt
4879,28.230132,97.268113,DEM tile not found: data/satellite\N28E097.hgt
4880,29.165919,96.146684,DEM tile not found: data/satellite\N29E096.hgt
4887,28.252638,93.272586,DEM tile not found: data/satellite\N28E093.hgt
4898,28.632844,93.376661,DEM tile not found: data/satellite\N28E093.hgt
4916,28.041276,93.064253,DEM tile not found: data/satellite\N28E093.hgt
4929,27.944719,97.074025,DEM tile not found: data/satellite\N27E097.hgt
4941,26.176239,89.902434,DEM tile not found: data/satellite\N26E089.hgt
4955,28.22712,97.049716,DEM tile not found: data/satellite\N28E097.hgt
4968,29.106976,95.553607,DEM tile not found: data/satellite\N29E095.hgt
4983,28.211485,93.587954,DEM tile not found: data/satellite\N28E093.hgt
4992,29.038419,95.816372,DEM tile not found: data/satellite\N29E095.hgt
5006,28.047728,93.564517,DEM tile not found: data/satellite\N28E093.hgt
5017,29.144703,95.595185,DEM tile not found: data/satellite\N29E095.hgt
5026,28.552077,93.654583,DEM tile not found: data/satellite\N28E093.hgt
5032,27.991008,97.037947,DEM tile not found: data/satellite\N27E097.hgt
5048,28.466995,93.566947,DEM tile not found: data/satellite\N28E093.hgt
5058,28.028483,97.375062,DEM tile not found: data/satellite\N28E097.hgt
5097,29.081318,95.808007,DEM tile not found: data/satellite\N29E095.hgt
5126,28.374789,93.559061,DEM tile not found: data/satellite\N28E093.hgt
5139,28.176229,93.879929,DEM tile not found: data/satellite\N28E093.hgt
5145,28.130256,97.031184,DEM tile not found: data/satellite\N28E097.hgt
5159,28.299176,93.846093,DEM tile not found: data/satellite\N28E093.hgt
5172,26.181941,89.868736,DEM tile not found: data/satellite\N26E089.hgt
5184,29.151509,95.546133,DEM tile not found: data/satellite\N29E095.hgt
5229,28.472765,93.301603,DEM tile not found: data/satellite\N28E093.hgt
5242,29.254008,95.628603,DEM tile not found: data/satellite\N29E095.hgt
5246,29.227509,94.600839,DEM tile not found: data/satellite\N29E094.hgt
5266,29.308783,95.796325,DEM tile not found: data/satellite\N29E095.hgt
5270,28.10207,93.473747,DEM tile not found: data/satellite\N28E093.hgt
5272,28.188009,97.2079,DEM tile not found: data/satellite\N28E097.hgt
5276,28.070506,93.387305,DEM tile not found: data/satellite\N28E093.hgt
5284,29.247202,95.949239,DEM tile not found: data/satellite\N29E095.hgt
5292,29.052951,94.279385,DEM tile not found: data/satellite\N29E094.hgt
5316,28.190524,97.051098,DEM tile not found: data/satellite\N28E097.hgt
5325,27.158259,97.050763,DEM tile not found: data/satellite\N27E097.hgt
5331,27.161881,97.004835,DEM tile not found: data/satellite\N27E097.hgt
5357,28.011091,97.199757,DEM tile not found: data/satellite\N28E097.hgt
5366,29.074531,95.055277,DEM tile not found: data/satellite\N29E095.hgt
5368,28.08677,92.694224,DEM tile not found: data/satellite\N28E092.hgt
5378,29.021495,95.142703,DEM tile not found: data/satellite\N29E095.hgt
5385,28.179286,92.804796,DEM tile not found: data/satellite\N28E092.hgt
5400,28.538207,93.538149,DEM tile not found: data/satellite\N28E093.hgt
5408,27.981831,97.249442,DEM tile not found: data/satellite\N27E097.hgt
5414,29.221373,95.65046,DEM tile not found: data/satellite\N29E095.hgt
5423,28.088914,93.765861,DEM tile not found: data/satellite\N28E093.hgt
5424,26.118126,89.844066,DEM tile not found: data/satellite\N26E089.hgt
5425,28.152504,93.588388,DEM tile not found: data/satellite\N28E093.hgt
5427,28.531946,93.92135,DEM tile not found: data/satellite\N28E093.hgt
5434,28.5161,93.354673,DEM tile not found: data/satellite\N28E093.hgt
5445,28.282298,93.870568,DEM tile not found: data/satellite\N28E093.hgt
5459,28.27156,93.866033,DEM tile not found: data/satellite\N28E093.hgt
5480,28.553917,93.417572,DEM tile not found: data/satellite\N28E093.hgt
5489,29.281843,95.73164,DEM tile not found: data/satellite\N29E095.hgt
5496,28.318998,93.999831,DEM tile not found: data/satellite\N28E093.hgt
5507,29.075167,94.765459,DEM tile not found: data/satellite\N29E094.hgt
5548,28.38268,93.842099,DEM tile not found: data/satellite\N28E093.hgt
5552,28.706108,93.971459,DEM tile not found: data/satellite\N28E093.hgt
5562,29.004629,94.493642,DEM tile not found: data/satellite\N29E094.hgt
5571,28.60284,93.775198,DEM tile not found: data/satellite\N28E093.hgt
5572,28.196676,93.323386,DEM tile not found: data/satellite\N28E093.hgt
5600,28.339146,93.328966,DEM tile not found: data/satellite\N28E093.hgt
5608,29.132767,94.549456,DEM tile not found: data/satellite\N29E094.hgt
5613,29.277927,96.003699,DEM tile not found: data/satellite\N29E096.hgt
5616,28.013846,93.745937,DEM tile not found: data/satellite\N28E093.hgt
5635,29.035621,95.597833,DEM tile not found: data/satellite\N29E095.hgt
5685,29.179391,96.097303,DEM tile not found: data/satellite\N29E096.hgt
5709,29.05363,95.192341,DEM tile not found: data/satellite\N29E095.hgt
5739,28.640645,93.575029,DEM tile not found: data/satellite\N28E093.hgt
5740,29.117626,94.764992,DEM tile not found: data/satellite\N29E094.hgt
5761,28.304434,93.34723,DEM tile not found: data/satellite\N28E093.hgt
5781,28.032557,93.679898,DEM tile not found: data/satellite\N28E093.hgt
5796,27.231794,97.025657,DEM tile not found: data/satellite\N27E097.hgt
5798,28.070681,93.310053,DEM tile not found: data/satellite\N28E093.hgt
5817,27.966818,97.108433,DEM tile not found: data/satellite\N27E097.hgt
5821,28.113401,93.393733,DEM tile not found: data/satellite\N28E093.hgt
5829,28.197011,93.9606,DEM tile not found: data/satellite\N28E093.hgt
5854,26.033501,89.820798,DEM tile not found: data/satellite\N26E089.hgt
5858,29.109781,95.583855,DEM tile not found: data/satellite\N29E095.hgt
5873,26.279627,89.994915,DEM tile not found: data/satellite\N26E089.hgt
5922,28.556723,93.744929,DEM tile not found: data/satellite\N28E093.hgt
5988,29.219969,95.884093,DEM tile not found: data/satellite\N29E095.hgt
6009,28.442048,93.332882,DEM tile not found: data/satellite\N28E093.hgt
6011,28.13826,93.858487,DEM tile not found: data/satellite\N28E093.hgt
6013,28.316253,93.641562,DEM tile not found: data/satellite\N28E093.hgt
6016,28.33228,93.874728,DEM tile not found: data/satellite\N28E093.hgt
6077,29.154409,94.520008,DEM tile not found: data/satellite\N29E094.hgt
6097,28.238017,93.930431,DEM tile not found: data/satellite\N28E093.hgt
6099,29.202949,96.192017,DEM tile not found: data/satellite\N29E096.hgt
6166,29.144149,95.910369,DEM tile not found: data/satellite\N29E095.hgt
6169,28.309422,93.561582,DEM tile not found: data/satellite\N28E093.hgt
6178,28.178092,93.336422,DEM tile not found: data/satellite\N28E093.hgt
6232,29.194537,95.673636,DEM tile not found: data/satellite\N29E095.hgt
6258,29.009012,96.376559,DEM tile not found: data/satellite\N29E096.hgt
6263,28.187799,93.926924,DEM tile not found: data/satellite\N28E093.hgt
6271,28.031903,97.283332,DEM tile not found: data/satellite\N28E097.hgt
6289,27.263595,97.040577,DEM tile not found: data/satellite\N27E097.hgt
6313,28.651183,93.705347,DEM tile not found: data/satellite\N28E093.hgt
6318,28.123927,97.037125,DEM tile not found: data/satellite\N28E097.hgt
6320,28.549269,93.677824,DEM tile not found: data/satellite\N28E093.hgt
6328,27.91251,97.029872,DEM tile not found: data/satellite\N27E097.hgt
6332,26.342479,89.994493,DEM tile not found: data/satellite\N26E089.hgt
6333,27.84694,97.045282,DEM tile not found: data/satellite\N27E097.hgt
6361,28.556208,93.471332,DEM tile not found: data/satellite\N28E093.hgt
6362,29.05221,95.229813,DEM tile not found: data/satellite\N29E095.hgt
6366,28.315282,93.702861,DEM tile not found: data/satellite\N28E093.hgt
6378,28.033983,97.109912,DEM tile not found: data/satellite\N28E097.hgt
6410,29.049314,95.978833,DEM tile not found: data/satellite\N29E095.hgt
6424,27.990689,97.059582,DEM tile not found: data/satellite\N27E097.hgt
6448,29.143821,96.155102,DEM tile not found: data/satellite\N29E096.hgt
6452,29.122705,95.940245,DEM tile not found: data/satellite\N29E095.hgt
6456,29.311611,95.787408,DEM tile not found: data/satellite\N29E095.hgt
6457,29.284194,96.051437,DEM tile not found: data/satellite\N29E096.hgt
6461,28.056343,97.056519,DEM tile not found: data/satellite\N28E097.hgt
6467,28.166504,93.293164,DEM tile not found: data/satellite\N28E093.hgt
6486,28.024048,93.586947,DEM tile not found: data/satellite\N28E093.hgt
6489,28.317243,93.567102,DEM tile not found: data/satellite\N28E093.hgt
6492,28.600455,93.831798,DEM tile not found: data/satellite\N28E093.hgt
6502,28.330438,93.325836,DEM tile not found: data/satellite\N28E093.hgt
6508,26.019954,89.984109,DEM tile not found: data/satellite\N26E089.hgt
6511,29.180386,94.531325,DEM tile not found: data/satellite\N29E094.hgt
6546,28.275831,93.236999,DEM tile not found: data/satellite\N28E093.hgt
6550,28.267307,97.135219,DEM tile not found: data/satellite\N28E097.hgt
6615,28.230214,93.856809,DEM tile not found: data/satellite\N28E093.hgt
6616,26.197539,89.846987,DEM tile not found: data/satellite\N26E089.hgt
6647,28.006072,93.833543,DEM tile not found: data/satellite\N28E093.hgt
6658,28.441028,93.995489,DEM tile not found: data/satellite\N28E093.hgt
6662,28.202634,93.981176,DEM tile not found: data/satellite\N28E093.hgt
6667,26.413607,89.918125,DEM tile not found: data/satellite\N26E089.hgt
6681,28.185465,93.738461,DEM tile not found: data/satellite\N28E093.hgt
6690,28.29108,93.874814,DEM tile not found: data/satellite\N28E093.hgt
6717,28.46719,93.432135,DEM tile not found: data/satellite\N28E093.hgt
6727,29.248388,95.615404,DEM tile not found: data/satellite\N29E095.hgt
6741,27.238207,97.025993,DEM tile not found: data/satellite\N27E097.hgt
6757,28.316399,93.276886,DEM tile not found: data/satellite\N28E093.hgt
6776,27.822099,97.084707,DEM tile not found: data/satellite\N27E097.hgt
6782,28.349431,93.594715,DEM tile not found: data/satellite\N28E093.hgt
6788,29.057295,95.958784,DEM tile not found: data/satellite\N29E095.hgt
6800,29.104843,95.187281,DEM tile not found: data/satellite\N29E095.hgt
6835,29.04449,94.384267,DEM tile not found: data/satellite\N29E094.hgt
6885,29.278667,96.160825,DEM tile not found: data/satellite\N29E096.hgt
6886,28.057632,93.150214,DEM tile not found: data/satellite\N28E093.hgt
6894,29.279353,96.129892,DEM tile not found: data/satellite\N29E096.hgt
6933,28.337217,93.376467,DEM tile not found: data/satellite\N28E093.hgt
6934,29.049352,94.755243,DEM tile not found: data/satellite\N29E094.hgt
6948,29.331086,95.789933,DEM tile not found: data/satellite\N29E095.hgt
6989,28.611002,93.582788,DEM tile not found: data/satellite\N28E093.hgt
6990,28.492729,93.919947,DEM tile not found: data/satellite\N28E093.hgt
7001,28.063799,97.162561,DEM tile not found: data/satellite\N28E097.hgt
7005,28.34484,97.079686,DEM tile not found: data/satellite\N28E097.hgt
7007,28.197591,97.338619,DEM tile not found: data/satellite\N28E097.hgt
7033,29.014998,95.516585,DEM tile not found: data/satellite\N29E095.hgt
7047,28.106456,93.43622,DEM tile not found: data/satellite\N28E093.hgt
7083,29.315812,95.911543,DEM tile not found: data/satellite\N29E095.hgt
7086,29.198191,96.135017,DEM tile not found: data/satellite\N29E096.hgt
7097,28.402194,93.821623,DEM tile not found: data/satellite\N28E093.hgt
7101,28.111073,92.758583,DEM tile not found: data/satellite\N28E092.hgt
7102,28.529969,93.31116,DEM tile not found: data/satellite\N28E093.hgt
7133,28.043254,97.354771,DEM tile not found: data/satellite\N28E097.hgt
7141,29.067891,94.851511,DEM tile not found: data/satellite\N29E094.hgt
7151,28.153541,97.027529,DEM tile not found: data/satellite\N28E097.hgt
7157,28.468039,93.409702,DEM tile not found: data/satellite\N28E093.hgt
7199,29.076064,94.842843,DEM tile not found: data/satellite\N29E094.hgt
7217,29.191139,96.068685,DEM tile not found: data/satellite\N29E096.hgt
7244,29.097969,96.129411,DEM tile not found: data/satellite\N29E096.hgt
7270,28.010734,92.903026,DEM tile not found: data/satellite\N28E092.hgt
7277,28.023242,93.097374,DEM tile not found: data/satellite\N28E093.hgt
7281,28.30468,93.845199,DEM tile not found: data/satellite\N28E093.hgt
7351,28.161766,93.706457,DEM tile not found: data/satellite\N28E093.hgt
7356,28.330099,93.702524,DEM tile not found: data/satellite\N28E093.hgt
7365,29.337783,95.83736,DEM tile not found: data/satellite\N29E095.hgt
7366,28.535428,93.460412,DEM tile not found: data/satellite\N28E093.hgt
7373,28.116138,93.535382,DEM tile not found: data/satellite\N28E093.hgt
7374,28.217485,93.613311,DEM tile not found: data/satellite\N28E093.hgt
7387,26.686694,89.90618,DEM tile not found: data/satellite\N26E089.hgt
7389,28.112481,97.095452,DEM tile not found: data/satellite\N28E097.hgt
7400,27.886342,97.104206,DEM tile not found: data/satellite\N27E097.hgt
7441,29.263031,95.669653,DEM tile not found: data/satellite\N29E095.hgt
7444,26.093645,89.988599,DEM tile not found: data/satellite\N26E089.hgt
7448,28.014131,97.37541,DEM tile not found: data/satellite\N28E097.hgt
7463,28.521306,93.914662,DEM tile not found: data/satellite\N28E093.hgt
7521,29.013554,95.16478,DEM tile not found: data/satellite\N29E095.hgt
7550,27.127932,97.073721,DEM tile not found: data/satellite\N27E097.hgt
7560,28.384209,93.603908,DEM tile not found: data/satellite\N28E093.hgt
7575,28.578206,93.713526,DEM tile not found: data/satellite\N28E093.hgt
7615,28.111561,97.284868,DEM tile not found: data/satellite\N28E097.hgt
7636,29.022388,96.111581,DEM tile not found: data/satellite\N29E096.hgt
7647,29.308384,95.721819,DEM tile not found: data/satellite\N29E095.hgt
7692,28.114882,97.262281,DEM tile not found: data/satellite\N28E097.hgt
7746,29.012057,95.077837,DEM tile not found: data/satellite\N29E095.hgt
7750,29.163669,95.927256,DEM tile not found: data/satellite\N29E095.hgt
7795,29.071062,94.548696,DEM tile not found: data/satellite\N29E094.hgt
7804,29.055577,95.993397,DEM tile not found: data/satellite\N29E095.hgt
7827,28.21825,93.216568,DEM tile not found: data/satellite\N28E093.hgt
7831,29.409517,96.107443,DEM tile not found: data/satellite\N29E096.hgt
7843,28.333956,93.601488,DEM tile not found: data/satellite\N28E093.hgt
7850,26.133356,89.951094,DEM tile not found: data/satellite\N26E089.hgt
7867,29.113983,94.419899,DEM tile not found: data/satellite\N29E094.hgt
7885,29.116671,96.059226,DEM tile not found: data/satellite\N29E096.hgt
7894,29.052465,94.950557,DEM tile not found: data/satellite\N29E094.hgt
7912,28.465076,93.951357,DEM tile not found: data/satellite\N28E093.hgt
7927,29.185556,96.099669,DEM tile not found: data/satellite\N29E096.hgt
7938,28.392685,93.997469,DEM tile not found: data/satellite\N28E093.hgt
7941,28.458613,93.52148,DEM tile not found: data/satellite\N28E093.hgt
7961,26.314907,89.981941,DEM tile not found: data/satellite\N26E089.hgt
7983,28.215215,93.981501,DEM tile not found: data/satellite\N28E093.hgt
8039,28.49966,93.898463,DEM tile not found: data/satellite\N28E093.hgt
8042,28.219859,93.817879,DEM tile not found: data/satellite\N28E093.hgt
8063,28.013225,92.897029,DEM tile not found: data/satellite\N28E092.hgt
8073,28.22227,93.286483,DEM tile not found: data/satellite\N28E093.hgt
8076,29.061359,95.675956,DEM tile not found: data/satellite\N29E095.hgt
8107,29.175323,96.108238,DEM tile not found: data/satellite\N29E096.hgt
8111,28.371844,93.727975,DEM tile not found: data/satellite\N28E093.hgt
8125,29.001103,96.069726,DEM tile not found: data/satellite\N29E096.hgt
8130,26.120583,89.80812,DEM tile not found: data/satellite\N26E089.hgt
8134,28.034522,93.186863,DEM tile not found: data/satellite\N28E093.hgt
8150,28.062043,93.023212,DEM tile not found: data/satellite\N28E093.hgt
8170,29.067624,95.471582,DEM tile not found: data/satellite\N29E095.hgt
8191,29.083635,94.769225,DEM tile not found: data/satellite\N29E094.hgt
8200,29.113614,94.890894,DEM tile not found: data/satellite\N29E094.hgt
8204,29.166824,95.703316,DEM tile not found: data/satellite\N29E095.hgt
8205,28.075017,92.977366,DEM tile not found: data/satellite\N28E092.hgt
8215,28.614288,93.374235,DEM tile not found: data/satellite\N28E093.hgt
8218,29.047835,96.135482,DEM tile not found: data/satellite\N29E096.hgt
8233,28.380377,93.925939,DEM tile not found: data/satellite\N28E093.hgt
8236,28.234649,93.461289,DEM tile not found: data/satellite\N28E093.hgt
8244,22.99131,91.708595,DEM tile not found: data/satellite\N22E091.hgt
8256,28.023354,93.945466,DEM tile not found: data/satellite\N28E093.hgt
8344,28.058482,93.656646,DEM tile not found: data/satellite\N28E093.hgt
8370,27.963885,97.365655,DEM tile not found: data/satellite\N27E097.hgt
8377,29.122679,96.041388,DEM tile not found: data/satellite\N29E096.hgt
8395,29.042457,94.22645,DEM tile not found: data/satellite\N29E094.hgt
8424,28.438979,93.438376,DEM tile not found: data/satellite\N28E093.hgt
8445,28.445474,93.993325,DEM tile not found: data/satellite\N28E093.hgt
8466,28.080596,92.713642,DEM tile not found: data/satellite\N28E092.hgt
8492,28.293219,93.777984,DEM tile not found: data/satellite\N28E093.hgt
8497,28.454648,93.491438,DEM tile not found: data/satellite\N28E093.hgt
8502,29.304947,94.670612,DEM tile not found: data/satellite\N29E094.hgt
8511,28.056819,93.158202,DEM tile not found: data/satellite\N28E093.hgt
8514,29.024915,95.324608,DEM tile not found: data/satellite\N29E095.hgt
8538,29.215368,94.767788,DEM tile not found: data/satellite\N29E094.hgt
8564,28.183933,93.70258,DEM tile not found: data/satellite\N28E093.hgt
8578,28.575606,93.730375,DEM tile not found: data/satellite\N28E093.hgt
8581,29.096238,95.689671,DEM tile not found: data/satellite\N29E095.hgt
8583,27.913813,97.188751,DEM tile not found: data/satellite\N27E097.hgt
8606,27.150991,97.061876,DEM tile not found: data/satellite\N27E097.hgt
8610,27.147654,97.145329,DEM tile not found: data/satellite\N27E097.hgt
8611,28.037417,97.220095,DEM tile not found: data/satellite\N28E097.hgt
8615,28.171881,93.515437,DEM tile not found: data/satellite\N28E093.hgt
8617,28.156592,92.988032,DEM tile not found: data/satellite\N28E092.hgt
8633,28.086701,93.306407,DEM tile not found: data/satellite\N28E093.hgt
8677,26.695549,89.888016,DEM tile not found: data/satellite\N26E089.hgt
8684,27.999288,97.012187,DEM tile not found: data/satellite\N27E097.hgt
8709,26.527976,89.916234,DEM tile not found: data/satellite\N26E089.hgt
8726,27.820245,97.043944,DEM tile not found: data/satellite\N27E097.hgt
8741,28.523389,93.495744,DEM tile not found: data/satellite\N28E093.hgt
8744,29.081959,94.578799,DEM tile not found: data/satellite\N29E094.hgt
8762,27.868962,97.074222,DEM tile not found: data/satellite\N27E097.hgt
8768,26.173458,89.762721,DEM tile not found: data/satellite\N26E089.hgt
8777,28.671278,93.81245,DEM tile not found: data/satellite\N28E093.hgt
8856,28.610637,93.425001,DEM tile not found: data/satellite\N28E093.hgt
8902,28.137048,93.31133,DEM tile not found: data/satellite\N28E093.hgt
8972,29.131669,94.838084,DEM tile not found: data/satellite\N29E094.hgt
8973,25.915527,95.021452,DEM tile not found: data/satellite\N25E095.hgt
8995,28.074157,93.377539,DEM tile not found: data/satellite\N28E093.hgt
9002,28.623006,93.83211,DEM tile not found: data/satellite\N28E093.hgt
9037,26.094354,89.817402,DEM tile not found: data/satellite\N26E089.hgt
9042,29.005146,96.41531,DEM tile not found: data/satellite\N29E096.hgt
9058,28.087271,92.674386,DEM tile not found: data/satellite\N28E092.hgt
9077,28.401206,93.818693,DEM tile not found: data/satellite\N28E093.hgt
9111,29.03358,94.479862,DEM tile not found: data/satellite\N29E094.hgt
9118,28.025942,93.849091,DEM tile not found: data/satellite\N28E093.hgt
9124,28.046099,93.555949,DEM tile not found: data/satellite\N28E093.hgt
9134,28.35929,93.515554,DEM tile not found: data/satellite\N28E093.hgt
9147,28.068821,97.163925,DEM tile not found: data/satellite\N28E097.hgt
9173,29.017489,94.459252,DEM tile not found: data/satellite\N29E094.hgt
9175,29.004797,94.537661,DEM tile not found: data/satellite\N29E094.hgt
9195,28.664992,93.710503,DEM tile not found: data/satellite\N28E093.hgt
9204,28.380734,93.658484,DEM tile not found: data/satellite\N28E093.hgt
9233,28.349067,93.382531,DEM tile not found: data/satellite\N28E093.hgt
9242,29.177933,94.494192,DEM tile not found: data/satellite\N29E094.hgt
9247,28.255771,93.770558,DEM tile not found: data/satellite\N28E093.hgt
9259,28.25373,93.195039,DEM tile not found: data/satellite\N28E093.hgt
9261,29.079114,95.030995,DEM tile not found: data/satellite\N29E095.hgt
9268,28.356852,93.55375,DEM tile not found: data/satellite\N28E093.hgt
9269,29.211788,94.58036,DEM tile not found: data/satellite\N29E094.hgt
9283,28.475353,93.887196,DEM tile not found: data/satellite\N28E093.hgt
9315,27.988017,97.028892,DEM tile not found: data/satellite\N27E097.hgt
9326,28.035758,93.532976,DEM tile not found: data/satellite\N28E093.hgt
9328,29.26721,94.652898,DEM tile not found: data/satellite\N29E094.hgt
9351,28.219602,93.178869,DEM tile not found: data/satellite\N28E093.hgt
9357,28.084479,92.895755,DEM tile not found: data/satellite\N28E092.hgt
9383,29.049051,96.004179,DEM tile not found: data/satellite\N29E096.hgt
9385,29.245736,94.731765,DEM tile not found: data/satellite\N29E094.hgt
9409,28.594895,93.479459,DEM tile not found: data/satellite\N28E093.hgt
9413,28.19735,93.532244,DEM tile not found: data/satellite\N28E093.hgt
9426,29.328825,95.825972,DEM tile not found: data/satellite\N29E095.hgt
9443,28.580279,93.768954,DEM tile not found: data/satellite\N28E093.hgt
9444,28.038657,93.592279,DEM tile not found: data/satellite\N28E093.hgt
9447,29.166493,94.736003,DEM tile not found: data/satellite\N29E094.hgt
9465,28.335382,97.068295,DEM tile not found: data/satellite\N28E097.hgt
9468,28.124611,93.66577,DEM tile not found: data/satellite\N28E093.hgt
9470,29.000368,95.74747,DEM tile not found: data/satellite\N29E095.hgt
9504,28.347075,93.36382,DEM tile not found: data/satellite\N28E093.hgt
9515,27.820091,97.115108,DEM tile not found: data/satellite\N27E097.hgt
9517,27.923417,97.063114,DEM tile not found: data/satellite\N27E097.hgt
9520,28.021742,92.879269,DEM tile not found: data/satellite\N28E092.hgt
9533,26.129502,89.90473,DEM tile not found: data/satellite\N26E089.hgt
9535,28.023361,93.76512,DEM tile not found: data/satellite\N28E093.hgt
9542,28.104669,93.974678,DEM tile not found: data/satellite\N28E093.hgt
9547,28.385675,93.32746,DEM tile not found: data/satellite\N28E093.hgt
9555,28.45089,93.300171,DEM tile not found: data/satellite\N28E093.hgt
9582,29.20729,96.12929,DEM tile not found: data/satellite\N29E096.hgt
9584,28.155577,93.629483,DEM tile not found: data/satellite\N28E093.hgt
9596,29.196635,95.574231,DEM tile not found: data/satellite\N29E095.hgt
9614,29.368796,95.855793,DEM tile not found: data/satellite\N29E095.hgt
9626,29.105981,94.535878,DEM tile not found: data/satellite\N29E094.hgt
9634,26.285147,89.932459,DEM tile not found: data/satellite\N26E089.hgt
9656,28.152445,92.753881,DEM tile not found: data/satellite\N28E092.hgt
9676,28.392967,93.863682,DEM tile not found: data/satellite\N28E093.hgt
9688,28.408537,93.73179,DEM tile not found: data/satellite\N28E093.hgt
9691,28.085526,92.682741,DEM tile not found: data/satellite\N28E092.hgt
9704,28.255049,93.986794,DEM tile not found: data/satellite\N28E093.hgt
9767,29.017961,95.11037,DEM tile not found: data/satellite\N29E095.hgt
9789,28.446104,93.588953,DEM tile not found: data/satellite\N28E093.hgt
9794,28.192995,97.274443,DEM tile not found: data/satellite\N28E097.hgt
9803,28.017929,97.384151,DEM tile not found: data/satellite\N28E097.hgt
9826,28.416361,93.801413,DEM tile not found: data/satellite\N28E093.hgt
9827,29.047137,95.67804,DEM tile not found: data/satellite\N29E095.hgt
9834,28.039944,93.325761,DEM tile not found: data/satellite\N28E093.hgt
9842,26.426879,89.985745,DEM tile not found: data/satellite\N26E089.hgt
9846,28.245327,97.085806,DEM tile not found: data/satellite\N28E097.hgt
9853,29.22792,96.303257,DEM tile not found: data/satellite\N29E096.hgt
9855,29.033061,95.133261,DEM tile not found: data/satellite\N29E095.hgt
9861,27.11144,97.148142,DEM tile not found: data/satellite\N27E097.hgt
9862,28.131341,93.392314,DEM tile not found: data/satellite\N28E093.hgt
9888,29.227552,95.909148,DEM tile not found: data/satellite\N29E095.hgt
9908,28.462206,93.24043,DEM tile not found: data/satellite\N28E093.hgt
9934,28.200594,93.148157,DEM tile not found: data/satellite\N28E093.hgt
9937,28.505261,93.473697,DEM tile not found: data/satellite\N28E093.hgt
10015,28.493207,93.558098,DEM tile not found: data/satellite\N28E093.hgt
10056,29.192585,95.560734,DEM tile not found: data/satellite\N29E095.hgt
10068,28.365055,93.242018,DEM tile not found: data/satellite\N28E093.hgt
10119,28.161086,93.175493,DEM tile not found: data/satellite\N28E093.hgt
10125,28.147415,92.959694,DEM tile not found: data/satellite\N28E092.hgt
10139,28.085288,93.616457,DEM tile not found: data/satellite\N28E093.hgt
10145,29.357231,95.942206,DEM tile not found: data/satellite\N29E095.hgt
10165,29.04606,96.061,DEM tile not found: data/satellite\N29E096.hgt
10170,29.074026,94.396465,DEM tile not found: data/satellite\N29E094.hgt
10179,28.160387,93.069045,DEM tile not found: data/satellite\N28E093.hgt
10186,26.701023,89.991601,DEM tile not found: data/satellite\N26E089.hgt
10202,28.054417,97.076422,DEM tile not found: data/satellite\N28E097.hgt
10209,28.195025,93.994255,DEM tile not found: data/satellite\N28E093.hgt
10233,29.102225,94.420089,DEM tile not found: data/satellite\N29E094.hgt
10245,28.11538,97.170783,DEM tile not found: data/satellite\N28E097.hgt
10247,28.267284,93.077649,DEM tile not found: data/satellite\N28E093.hgt
10270,28.125263,93.959167,DEM tile not found: data/satellite\N28E093.hgt
10281,28.374609,93.752087,DEM tile not found: data/satellite\N28E093.hgt
10284,28.323172,93.714751,DEM tile not found: data/satellite\N28E093.hgt
10298,29.098874,94.34082,DEM tile not found: data/satellite\N29E094.hgt
10307,28.343019,93.474981,DEM tile not found: data/satellite\N28E093.hgt
10321,28.206847,93.814181,DEM tile not found: data/satellite\N28E093.hgt
