latitude,longitude,event_date,soil_wetness_gwet_top,soil_moisture_source
24.478972,92.682861,2016-05-17,0.93,NASA_POWER_MERRA2
24.511306,92.693028,2016-05-18,0.95,NASA_POWER_MERRA2
24.515944,92.540889,2016-05-18,0.95,NASA_POWER_MERRA2
24.645417,93.005361,2016-08-31,0.91,NASA_POWER_MERRA2
24.659389,92.497361,2016-05-18,0.95,NASA_POWER_MERRA2
24.70656,92.65008,2020-06-02,0.91,NASA_POWER_MERRA2
24.710833,92.481167,2010-06-03,0.93,NASA_POWER_MERRA2
24.72192,92.90381,2020-06-05,0.84,NASA_POWER_MERRA2
24.73117,92.64739,2020-06-02,0.91,NASA_POWER_MERRA2
24.78002778,92.45372222,2020-06-02,0.97,NASA_POWER_MERRA2
24.78380556,92.45563889,2020-06-02,0.97,NASA_POWER_MERRA2
24.79489,92.55506,2020-06-02,0.97,NASA_POWER_MERRA2
24.92097,93.07306,2020-06-02,0.91,NASA_POWER_MERRA2
25.121,92.915028,2010-06-20,0.89,NASA_POWER_MERRA2
25.124306,92.904278,2010-04-02,0.83,NASA_POWER_MERRA2
25.124583,92.989111,2010-06-16,0.89,NASA_POWER_MERRA2
25.146306,93.942167,2018-06-14,0.92,NASA_POWER_MERRA2
25.224278,93.222861,2018-06-14,0.96,NASA_POWER_MERRA2
25.229556,93.1556,2010-04-02,0.83,NASA_POWER_MERRA2
26.098167,91.881278,2018-06-14,0.9,NASA_POWER_MERRA2
26.11,94.76,2018-06-14,0.89,NASA_POWER_MERRA2
26.112667,91.853889,2018-08-24,0.93,NASA_POWER_MERRA2
26.1505375,91.72798139,2023-06-17,0.85,NASA_POWER_MERRA2
26.15428,91.79264,2017-06-13,0.93,NASA_POWER_MERRA2
26.17672,91.76525,2017-06-13,0.93,NASA_POWER_MERRA2
26.17756,91.76589,2017-06-13,0.93,NASA_POWER_MERRA2
26.18842,91.85125,2017-06-16,0.94,NASA_POWER_MERRA2
26.19081,91.84528,2017-07-04,0.94,NASA_POWER_MERRA2
26.195306,91.765639,2018-08-24,0.93,NASA_POWER_MERRA2
26.19622,91.76336,2011-03-23,0.66,NASA_POWER_MERRA2
26.20536,91.86497,2017-07-03,0.93,NASA_POWER_MERRA2
26.37456,91.84561,2017-07-04,0.88,NASA_POWER_MERRA2
26.88969,92.12266,2021-04-28,0.64,NASA_POWER_MERRA2
26.89074,92.12068,2021-04-28,0.64,NASA_POWER_MERRA2
26.11464,91.83886,2024-07-05,0.95,NASA_POWER_MERRA2
26.19044,91.77502,2024-05-24,0.67,NASA_POWER_MERRA2
25.16736,93.00953,2022-05-15,0.92,NASA_POWER_MERRA2
25.16023,93.01084,2022-05-14,0.94,NASA_POWER_MERRA2
25.16579,93.00948,2022-05-14,0.94,NASA_POWER_MERRA2
25.15859,93.01292,2022-05-14,0.94,NASA_POWER_MERRA2
26.13441667,91.74875,2014-09-22,0.97,NASA_POWER_MERRA2
25.15556,93.021583,2022-05-14,0.94,NASA_POWER_MERRA2
25.158138,93.024778,2022-05-15,0.92,NASA_POWER_MERRA2
25.24194444,93.14319444,2016-05-22,0.93,NASA_POWER_MERRA2
25.16804,93.02503,2022-05-14,0.94,NASA_POWER_MERRA2
25.168083,93.024922,2022-05-14,0.94,NASA_POWER_MERRA2
25.27480556,93.14555556,2016-05-22,0.89,NASA_POWER_MERRA2
25.18955556,93.09641667,2016-05-22,0.93,NASA_POWER_MERRA2
26.19552778,91.78055556,2016-06-22,0.92,NASA_POWER_MERRA2
25.17483,93.019861,2022-05-15,0.92,NASA_POWER_MERRA2
25.1568056,93.019722,2022-05-13,0.94,NASA_POWER_MERRA2
25.16427,92.99788,2022-05-15,0.92,NASA_POWER_MERRA2
25.162667,93.009806,2022-05-14,0.94,NASA_POWER_MERRA2
25.16553,93.02172,2022-05-15,0.92,NASA_POWER_MERRA2
25.17986111,93.07077778,2016-05-17,0.96,NASA_POWER_MERRA2
25.14677778,93.03097222,2016-05-17,0.96,NASA_POWER_MERRA2
25.15561111,93.02222222,2016-05-17,0.96,NASA_POWER_MERRA2
25.15658333,93.01961111,2016-05-22,0.93,NASA_POWER_MERRA2
25.15713889,93.01719444,2016-05-27,0.89,NASA_POWER_MERRA2
25.164,93.04019444,2016-05-22,0.93,NASA_POWER_MERRA2
25.14872222,93.03191667,2016-05-17,0.96,NASA_POWER_MERRA2
25.14525,93.02916667,2016-05-17,0.96,NASA_POWER_MERRA2
25.15572222,93.02277778,2016-05-22,0.93,NASA_POWER_MERRA2
25.20552778,93.02013889,2016-05-22,0.93,NASA_POWER_MERRA2
25.24597222,93.02827778,2016-05-22,0.93,NASA_POWER_MERRA2
26.19052,91.77499,2024-05-24,0.67,NASA_POWER_MERRA2
25.15933333,93.017,2016-05-22,0.93,NASA_POWER_MERRA2
25.15736111,93.01608333,2016-05-22,0.93,NASA_POWER_MERRA2
25.23880556,93.03219444,2016-05-22,0.93,NASA_POWER_MERRA2
25.19669444,93.01858333,2016-05-22,0.93,NASA_POWER_MERRA2
25.18844444,93.01966667,2016-05-22,0.93,NASA_POWER_MERRA2
25.17597222,93.02016667,2016-05-22,0.93,NASA_POWER_MERRA2
25.17505556,93.02041667,2016-05-22,0.93,NASA_POWER_MERRA2
25.17188889,93.02061111,2016-05-22,0.93,NASA_POWER_MERRA2
25.16563889,93.02544444,2016-05-22,0.93,NASA_POWER_MERRA2
25.16344444,93.02316667,2016-05-22,0.93,NASA_POWER_MERRA2
25.15069444,93.02583333,2016-05-22,0.93,NASA_POWER_MERRA2
25.14586111,93.02419444,2016-05-22,0.93,NASA_POWER_MERRA2
25.14041667,93.02038889,2016-05-22,0.93,NASA_POWER_MERRA2
25.13961111,93.01955556,2016-05-22,0.93,NASA_POWER_MERRA2
25.17638889,93.11613889,2016-05-22,0.93,NASA_POWER_MERRA2
25.17691667,93.02655556,2016-05-22,0.93,NASA_POWER_MERRA2
25.17702778,93.02088889,2016-05-22,0.93,NASA_POWER_MERRA2
25.13447222,93.01897222,2016-05-22,0.93,NASA_POWER_MERRA2
26.18841667,91.85125,2017-06-16,0.94,NASA_POWER_MERRA2
26.19244444,91.76422222,2016-07-20,0.97,NASA_POWER_MERRA2
26.19236111,91.78080556,2019-07-10,0.96,NASA_POWER_MERRA2
26.15805556,91.71258333,2019-07-16,0.95,NASA_POWER_MERRA2
26.1755,91.76175,2016-07-14,0.92,NASA_POWER_MERRA2
26.19038889,91.80994444,2016-07-14,0.92,NASA_POWER_MERRA2
26.18866667,91.76694444,2014-06-27,0.8,NASA_POWER_MERRA2
26.19622222,91.76336111,2014-06-27,0.8,NASA_POWER_MERRA2
26.11464,91.83886,2024-07-05,0.95,NASA_POWER_MERRA2
26.17755556,91.76588889,2017-06-13,0.93,NASA_POWER_MERRA2
26.17672222,91.76525,2017-06-13,0.93,NASA_POWER_MERRA2
26.15427778,91.79263889,2017-06-13,0.93,NASA_POWER_MERRA2
26.15477778,91.77411111,2014-06-27,0.8,NASA_POWER_MERRA2
26.17672222,91.78672222,2014-06-27,0.8,NASA_POWER_MERRA2
26.1895,91.78716667,2016-04-18,0.86,NASA_POWER_MERRA2
25.40586111,93.11097222,2017-05-20,0.79,NASA_POWER_MERRA2
26.11266667,91.85388889,2018-08-24,0.93,NASA_POWER_MERRA2
24.92097,93.07306,2020-06-02,0.91,NASA_POWER_MERRA2
26.19530556,91.76563889,2018-08-31,0.93,NASA_POWER_MERRA2
26.19330556,91.77725,2020-06-28,0.98,NASA_POWER_MERRA2
26.09150556,91.87898611,2020-07-12,0.97,NASA_POWER_MERRA2
26.1916,91.80361,2022-06-16,0.98,NASA_POWER_MERRA2
26.19322,91.77033,2022-06-16,0.98,NASA_POWER_MERRA2
26.18789,91.79493,2022-06-17,0.97,NASA_POWER_MERRA2
25.17136,93.01102,2022-05-14,0.94,NASA_POWER_MERRA2
25.177416,93.00975,2022-05-16,0.92,NASA_POWER_MERRA2
25.18919,93.02118,2022-05-15,0.92,NASA_POWER_MERRA2
24.70619444,92.28997222,2014-05-10,0.75,NASA_POWER_MERRA2
25.17623,93.01326,2022-05-14,0.94,NASA_POWER_MERRA2
26.19113889,91.82961111,2025-05-31,0.89,NASA_POWER_MERRA2
26.158193,91.755807,2025-06-06,0.84,NASA_POWER_MERRA2
26.166185,91.7147,2025-06-04,0.86,NASA_POWER_MERRA2
26.16616,91.713803,2025-06-04,0.86,NASA_POWER_MERRA2
26.16297,91.7059,2025-06-05,0.86,NASA_POWER_MERRA2
26.17027,91.698,2025-05-31,0.89,NASA_POWER_MERRA2
25.117665,92.847709,2022-05-14,0.94,NASA_POWER_MERRA2
25.366255,92.823037,2022-05-14,0.89,NASA_POWER_MERRA2
25.757752,91.252285,2014-07-17,0.75,NASA_POWER_MERRA2
26.238016,91.945953,2025-11-02,0.87,NASA_POWER_MERRA2
25.872268,91.213965,2014-09-23,0.94,NASA_POWER_MERRA2
26.2272613,91.6922458,2008-12-26,0.76,NASA_POWER_MERRA2
26.184324,91.855395,2025-05-31,0.89,NASA_POWER_MERRA2
26.24698,91.964383,2025-07-05,0.89,NASA_POWER_MERRA2
26.11956,92.052125,2025-06-05,0.86,NASA_POWER_MERRA2
25.69814,93.129423,2025-06-05,0.85,NASA_POWER_MERRA2
25.648512,93.121528,2025-06-05,0.85,NASA_POWER_MERRA2
25.740148,91.224044,2014-07-18,0.91,NASA_POWER_MERRA2
26.156633,91.938576,2024-08-08,0.93,NASA_POWER_MERRA2
27.018342,92.6356,2016-07-01,0.8,NASA_POWER_MERRA2
27.193425,93.780983,2016-07-16,0.94,NASA_POWER_MERRA2
27.23995,93.806589,2016-07-17,0.91,NASA_POWER_MERRA2
27.246131,93.804711,2016-07-17,0.91,NASA_POWER_MERRA2
27.254756,93.801303,2016-07-17,0.95,NASA_POWER_MERRA2
27.294886,93.803328,2016-07-17,0.95,NASA_POWER_MERRA2
27.307072,93.806008,2016-07-17,0.95,NASA_POWER_MERRA2
27.339267,93.802581,2016-07-16,0.97,NASA_POWER_MERRA2
27.58741667,91.88694444,2016-04-22,0.78,NASA_POWER_MERRA2
27.58741667,91.88694444,2016-04-22,0.78,NASA_POWER_MERRA2
27.587417,91.886944,2016-04-22,0.78,NASA_POWER_MERRA2
27.591389,91.9025,2016-04-23,0.77,NASA_POWER_MERRA2
27.593361,91.879444,2016-04-23,0.77,NASA_POWER_MERRA2
27.594833,91.866417,2016-04-22,0.78,NASA_POWER_MERRA2
27.596639,91.878972,2016-04-23,0.77,NASA_POWER_MERRA2
27.596639,91.878972,2016-04-23,0.77,NASA_POWER_MERRA2
27.105253,93.825399,2024-06-18,0.86,NASA_POWER_MERRA2
27.121136,93.762164,2024-06-18,0.86,NASA_POWER_MERRA2
27.121136,93.762164,2024-06-18,0.86,NASA_POWER_MERRA2
27.099285,93.614766,2026-03-16,0.67,NASA_POWER_MERRA2
27.715081,94.692035,2026-06-28,0.96,NASA_POWER_MERRA2
22.873558,92.755953,2018-06-14,0.96,NASA_POWER_MERRA2
24.40639,94.06583,2007-09-07,0.68,NASA_POWER_MERRA2
24.792333,93.658222,2010-06-10,0.89,NASA_POWER_MERRA2
24.813306,93.243417,2018-08-02,0.92,NASA_POWER_MERRA2
24.81778,93.51583,2007-09-10,0.81,NASA_POWER_MERRA2
24.83278,93.46333,2008-07-01,0.72,NASA_POWER_MERRA2
24.84833,93.45917,2007-09-12,0.81,NASA_POWER_MERRA2
24.84833,93.45917,2008-06-19,0.69,NASA_POWER_MERRA2
24.90139,93.45389,2008-06-19,0.69,NASA_POWER_MERRA2
24.9252,94.3371,2018-06-06,0.81,NASA_POWER_MERRA2
24.983528,94.158333,2018-06-12,0.9,NASA_POWER_MERRA2
24.983806,93.497528,2018-06-22,0.95,NASA_POWER_MERRA2
24.985167,93.508306,2018-05-03,0.67,NASA_POWER_MERRA2
24.98611,93.50583,2007-08-24,0.72,NASA_POWER_MERRA2
24.99083,93.50583,2007-08-28,0.73,NASA_POWER_MERRA2
24.99083,93.50583,2007-08-28,0.73,NASA_POWER_MERRA2
24.99306,93.4975,2007-08-28,0.73,NASA_POWER_MERRA2
24.994278,94.205917,2007-08-28,0.63,NASA_POWER_MERRA2
24.997972,94.020444,2007-08-28,0.73,NASA_POWER_MERRA2
25.047833,92.789306,2018-07-11,0.96,NASA_POWER_MERRA2
25.146528,93.941722,2017-06-04,0.85,NASA_POWER_MERRA2
25.47217,94.15433,2007-09-09,0.79,NASA_POWER_MERRA2
24.979,93.496,2024-07-29,0.83,NASA_POWER_MERRA2
24.517056,93.817056,2024-08-02,0.88,NASA_POWER_MERRA2
24.985,93.52113889,2011-05-31,0.84,NASA_POWER_MERRA2
24.79083333,93.72333333,2011-07-06,0.84,NASA_POWER_MERRA2
25.07849444,94.23608333,2017-04-05,0.79,NASA_POWER_MERRA2
25.201,91.234,2008-08-12,0.91,NASA_POWER_MERRA2
25.20283,91.20908,2008-08-10,0.91,NASA_POWER_MERRA2
25.28236861,91.73874417,2024-05-30,0.98,NASA_POWER_MERRA2
25.296,91.932,2022-04-04,0.95,NASA_POWER_MERRA2
25.300389,91.726722,2009-06-29,0.88,NASA_POWER_MERRA2
25.31458,91.45242,2013-08-06,0.95,NASA_POWER_MERRA2
25.31488,91.44913,2007-07-19,0.96,NASA_POWER_MERRA2
25.31488,91.33367,2007-07-19,0.96,NASA_POWER_MERRA2
25.315176,91.923021,2007-07-19,0.97,NASA_POWER_MERRA2
25.31848,91.45262,2007-07-19,0.96,NASA_POWER_MERRA2
25.320833,91.9275,2007-07-19,0.97,NASA_POWER_MERRA2
25.37539167,92.431275,2024-05-28,0.97,NASA_POWER_MERRA2
25.38803,91.46977,2007-06-16,0.96,NASA_POWER_MERRA2
25.40023,91.5159,2007-06-16,0.96,NASA_POWER_MERRA2
25.4013,91.45855,2007-08-18,0.94,NASA_POWER_MERRA2
25.40547,91.53712,2007-08-18,0.94,NASA_POWER_MERRA2
25.407917,91.998889,2007-08-18,0.95,NASA_POWER_MERRA2
25.425,91.405,2007-08-18,0.94,NASA_POWER_MERRA2
25.43561,91.862056,2009-07-17,0.9,NASA_POWER_MERRA2
25.44465,91.34622,2007-07-17,0.92,NASA_POWER_MERRA2
25.50335,91.28335,2007-07-25,0.97,NASA_POWER_MERRA2
25.50368056,91.72342222,2007-07-19,0.97,NASA_POWER_MERRA2
25.50667,91.28318,2007-07-19,0.96,NASA_POWER_MERRA2
25.51973,91.28443,2007-07-25,0.97,NASA_POWER_MERRA2
25.5208,91.25985,2007-07-25,0.97,NASA_POWER_MERRA2
25.54231,92.1,2009-07-01,0.92,NASA_POWER_MERRA2
25.54261,92.10867,2009-07-01,0.92,NASA_POWER_MERRA2
25.54261,92.09842,2009-07-01,0.92,NASA_POWER_MERRA2
25.54264,92.10214,2009-07-01,0.92,NASA_POWER_MERRA2
25.54328,92.10478,2009-07-01,0.92,NASA_POWER_MERRA2
25.56667,91.90194,2007-09-08,1.0,NASA_POWER_MERRA2
25.57822,91.86545,2014-09-23,0.99,NASA_POWER_MERRA2
25.663444,91.915944,2017-06-17,0.99,NASA_POWER_MERRA2
25.68625,91.118358,2007-09-15,0.97,NASA_POWER_MERRA2
25.687056,91.6485,2007-09-15,0.98,NASA_POWER_MERRA2
25.69483,91.11836,2007-09-15,0.97,NASA_POWER_MERRA2
25.95847,91.85406,2014-09-23,0.97,NASA_POWER_MERRA2
26.00294,91.86692,2014-09-23,0.97,NASA_POWER_MERRA2
26.02547,91.87158,2014-09-20,0.88,NASA_POWER_MERRA2
25.47704743,92.16831285,2020-05-25,0.99,NASA_POWER_MERRA2
25.46307925,92.25426106,2020-05-26,0.95,NASA_POWER_MERRA2
25.5667327,91.9146185,2024-10-04,0.99,NASA_POWER_MERRA2
25.28422636,92.11294194,2020-06-26,1.0,NASA_POWER_MERRA2
25.2842285,92.11314877,2020-05-26,0.99,NASA_POWER_MERRA2
25.29967,91.46108,2024-06-15,0.98,NASA_POWER_MERRA2
25.29667,91.45986,2024-06-17,1.0,NASA_POWER_MERRA2
25.2975,91.46167,2024-06-17,1.0,NASA_POWER_MERRA2
25.29739,91.46201,2024-06-17,1.0,NASA_POWER_MERRA2
25.29778,91.45972,2024-06-15,0.98,NASA_POWER_MERRA2
25.809088,91.875238,2025-07-06,0.87,NASA_POWER_MERRA2
25.781246,91.874475,2024-07-06,0.93,NASA_POWER_MERRA2
25.465167,91.824944,2025-05-30,0.99,NASA_POWER_MERRA2
25.422278,91.867694,2025-05-30,0.99,NASA_POWER_MERRA2
25.43480556,91.85952778,2025-05-30,0.99,NASA_POWER_MERRA2
25.48716667,91.81936111,2025-05-30,0.99,NASA_POWER_MERRA2
25.456896,91.826145,2025-05-30,0.99,NASA_POWER_MERRA2
25.355042,91.767525,2025-05-31,0.99,NASA_POWER_MERRA2
25.340415,91.774142,2025-05-31,0.99,NASA_POWER_MERRA2
25.67469444,91.88652778,2011-06-26,0.92,NASA_POWER_MERRA2
25.563,91.885,2019-07-09,1.0,NASA_POWER_MERRA2
25.281,91.57330556,2019-07-07,0.98,NASA_POWER_MERRA2
25.23211111,91.37252778,2019-06-27,0.99,NASA_POWER_MERRA2
25.22194444,91.38422222,2019-06-27,0.99,NASA_POWER_MERRA2
25.18766667,91.39816667,2019-06-27,0.99,NASA_POWER_MERRA2
25.18688889,91.39855556,2019-06-27,0.99,NASA_POWER_MERRA2
25.44233333,92.19447222,2020-05-26,0.95,NASA_POWER_MERRA2
25.44177778,92.19558333,2020-05-26,0.95,NASA_POWER_MERRA2
25.43630556,92.19525,2020-05-26,0.95,NASA_POWER_MERRA2
25.43505556,92.19836111,2020-05-26,0.95,NASA_POWER_MERRA2
25.44741667,92.20138889,2020-05-26,0.95,NASA_POWER_MERRA2
25.45075,92.19452778,2020-05-26,0.95,NASA_POWER_MERRA2
25.45351667,92.18784722,2020-05-26,0.95,NASA_POWER_MERRA2
25.36103333,91.64700833,2022-06-17,1.0,NASA_POWER_MERRA2
25.21273889,90.63216111,2022-06-17,0.98,NASA_POWER_MERRA2
25.21022222,90.63220278,2022-06-17,0.98,NASA_POWER_MERRA2
25.38163333,90.06033889,2022-06-09,0.92,NASA_POWER_MERRA2
25.45939722,90.70860278,2022-06-17,0.99,NASA_POWER_MERRA2
25.45903056,90.70813333,2022-06-17,0.99,NASA_POWER_MERRA2
25.44835,91.59150278,2022-06-15,1.0,NASA_POWER_MERRA2
25.44743611,91.59103889,2022-06-15,1.0,NASA_POWER_MERRA2
25.44716111,91.59067778,2022-06-15,1.0,NASA_POWER_MERRA2
25.35861111,91.97208333,2022-04-04,0.95,NASA_POWER_MERRA2
25.35908333,91.97433333,2022-04-04,0.95,NASA_POWER_MERRA2
25.39611111,91.99194444,2022-04-04,0.95,NASA_POWER_MERRA2
25.365263,91.878497,2023-04-13,0.76,NASA_POWER_MERRA2
25.52901389,91.26188611,2023-06-17,0.97,NASA_POWER_MERRA2
25.41955556,92.16194444,2023-08-10,0.97,NASA_POWER_MERRA2
25.55256111,91.61870278,2024-06-28,0.97,NASA_POWER_MERRA2
25.39295833,91.55163333,2024-05-28,0.98,NASA_POWER_MERRA2
25.37129167,91.48003056,2024-06-15,0.98,NASA_POWER_MERRA2
25.40288611,91.43424167,2024-05-28,0.98,NASA_POWER_MERRA2
25.531739,91.296177,2024-07-02,0.99,NASA_POWER_MERRA2
25.540056,91.314142,2024-07-02,0.99,NASA_POWER_MERRA2
25.62790278,91.88801944,2024-05-28,0.99,NASA_POWER_MERRA2
25.630403,91.8899195,2024-05-28,0.99,NASA_POWER_MERRA2
25.630858,91.887601,2024-05-28,0.99,NASA_POWER_MERRA2
25.641242,91.894137,2024-07-02,0.99,NASA_POWER_MERRA2
25.65057222,91.89351389,2024-07-02,0.99,NASA_POWER_MERRA2
25.64887222,91.89692778,2024-07-02,0.99,NASA_POWER_MERRA2
25.41384722,91.67856111,2024-05-28,0.99,NASA_POWER_MERRA2
25.34508889,91.60050278,2024-05-28,0.99,NASA_POWER_MERRA2
25.65308889,91.89803889,2024-07-01,1.0,NASA_POWER_MERRA2
25.65341111,91.89819444,2024-07-01,1.0,NASA_POWER_MERRA2
25.66315,91.90180278,2025-05-30,0.99,NASA_POWER_MERRA2
25.67032222,91.90487222,2025-05-30,0.99,NASA_POWER_MERRA2
25.67517222,91.8983,2024-06-30,0.99,NASA_POWER_MERRA2
25.42315556,91.86329167,2025-05-31,0.99,NASA_POWER_MERRA2
25.49551944,91.49585278,2025-07-02,0.95,NASA_POWER_MERRA2
25.28247222,91.36413333,2025-05-30,0.98,NASA_POWER_MERRA2
25.28090556,91.36584722,2025-05-30,0.98,NASA_POWER_MERRA2
25.62269444,91.16914444,2024-07-02,0.99,NASA_POWER_MERRA2
25.61276111,91.17375278,2024-07-02,0.99,NASA_POWER_MERRA2
25.66156667,91.13485278,2024-07-02,0.99,NASA_POWER_MERRA2
25.69150833,91.64160833,2025-05-29,0.98,NASA_POWER_MERRA2
25.69517778,91.64123611,2025-05-30,0.99,NASA_POWER_MERRA2
25.69688611,91.64176667,2025-06-25,0.97,NASA_POWER_MERRA2
25.70087778,91.642902,2024-10-08,0.97,NASA_POWER_MERRA2
25.69866667,91.64517222,2024-08-06,0.98,NASA_POWER_MERRA2
25.69683611,91.64485556,2024-08-06,0.98,NASA_POWER_MERRA2
25.69523333,91.64426944,2025-05-30,0.99,NASA_POWER_MERRA2
25.69463611,91.64577778,2025-05-30,0.99,NASA_POWER_MERRA2
25.68698889,91.64812222,2025-05-28,0.94,NASA_POWER_MERRA2
25.68690556,91.64915278,2025-05-28,0.94,NASA_POWER_MERRA2
25.688833,91.653639,2025-06-25,0.97,NASA_POWER_MERRA2
25.68798889,91.65838889,2024-05-28,0.99,NASA_POWER_MERRA2
25.68805,91.66653,2024-05-28,0.99,NASA_POWER_MERRA2
25.68822222,91.66746111,2025-06-11,0.94,NASA_POWER_MERRA2
25.69007,91.67085,2025-06-11,0.94,NASA_POWER_MERRA2
25.733262,91.675754,2025-06-11,0.94,NASA_POWER_MERRA2
25.762051,91.658959,2024-05-29,0.82,NASA_POWER_MERRA2
25.770935,91.656497,2024-05-29,0.82,NASA_POWER_MERRA2
25.791616,91.658242,2024-05-29,0.82,NASA_POWER_MERRA2
25.803984,91.659801,2024-08-28,0.92,NASA_POWER_MERRA2
25.700668,91.596815,2025-05-31,0.99,NASA_POWER_MERRA2
25.739454,91.572107,2025-05-31,0.99,NASA_POWER_MERRA2
23.744167,92.730472,2007-09-08,0.95,NASA_POWER_MERRA2
23.751528,91.604533,2018-06-04,0.93,NASA_POWER_MERRA2
23.751694,92.731528,2007-09-08,0.95,NASA_POWER_MERRA2
23.73888889,92.69638889,2024-05-28,0.93,NASA_POWER_MERRA2
23.74027778,92.69722222,2024-05-28,0.93,NASA_POWER_MERRA2
23.74066667,92.69336111,2024-05-28,0.93,NASA_POWER_MERRA2
23.7385748,92.6941941,2024-05-28,0.93,NASA_POWER_MERRA2
23.74472222,92.69277778,2024-05-28,0.93,NASA_POWER_MERRA2
23.74116667,92.69455556,2024-05-28,0.93,NASA_POWER_MERRA2
23.7375,92.69444444,2024-05-28,0.93,NASA_POWER_MERRA2
23.73361111,92.69388889,2024-05-28,0.93,NASA_POWER_MERRA2
23.73472222,92.695,2024-05-28,0.93,NASA_POWER_MERRA2
23.73305556,92.69944444,2024-05-28,0.93,NASA_POWER_MERRA2
23.74972222,92.69833333,2024-05-28,0.93,NASA_POWER_MERRA2
23.73111111,92.70222222,2024-05-28,0.93,NASA_POWER_MERRA2
23.73111111,92.70388889,2024-05-28,0.93,NASA_POWER_MERRA2
23.73333333,92.70527778,2024-05-28,0.93,NASA_POWER_MERRA2
23.73583333,92.69777778,2024-05-28,0.93,NASA_POWER_MERRA2
23.73132778,92.70821944,2024-05-28,0.93,NASA_POWER_MERRA2
23.72428333,92.70737778,2024-05-28,0.93,NASA_POWER_MERRA2
23.72276944,92.70665,2024-05-28,0.93,NASA_POWER_MERRA2
23.71446389,92.71146389,2024-05-28,0.93,NASA_POWER_MERRA2
23.71581111,92.70935,2024-05-28,0.93,NASA_POWER_MERRA2
23.7175,92.70666667,2024-05-28,0.93,NASA_POWER_MERRA2
23.71740833,92.70644167,2024-05-28,0.93,NASA_POWER_MERRA2
23.71721667,92.70777778,2024-05-28,0.93,NASA_POWER_MERRA2
23.71305556,92.70895833,2024-05-28,0.93,NASA_POWER_MERRA2
23.71523056,92.71529167,2024-05-28,0.93,NASA_POWER_MERRA2
23.73944444,92.71472222,2024-05-28,0.93,NASA_POWER_MERRA2
23.71138889,92.72444444,2024-05-28,0.93,NASA_POWER_MERRA2
23.71638889,92.72111111,2024-05-28,0.93,NASA_POWER_MERRA2
23.71444444,92.72861111,2024-05-28,0.93,NASA_POWER_MERRA2
23.71571389,92.72659722,2024-05-28,0.93,NASA_POWER_MERRA2
23.7104,92.72237778,2024-05-28,0.93,NASA_POWER_MERRA2
23.71,92.71611111,2024-05-28,0.93,NASA_POWER_MERRA2
23.70666667,92.71444444,2024-05-28,0.93,NASA_POWER_MERRA2
23.70527778,92.71138889,2024-05-28,0.93,NASA_POWER_MERRA2
23.70416667,92.71222222,2024-05-28,0.93,NASA_POWER_MERRA2
23.70027778,92.71611111,2024-05-28,0.93,NASA_POWER_MERRA2
23.69972222,92.71694444,2024-05-28,0.93,NASA_POWER_MERRA2
23.68027778,92.72472222,2024-05-28,0.93,NASA_POWER_MERRA2
23.67805556,92.72,2024-05-28,0.93,NASA_POWER_MERRA2
23.64333333,92.73444444,2024-05-28,0.93,NASA_POWER_MERRA2
23.64638889,92.72638889,2023-10-02,0.9,NASA_POWER_MERRA2
23.64638889,92.72527778,2024-05-28,0.93,NASA_POWER_MERRA2
23.63111111,92.72388889,2024-05-28,0.93,NASA_POWER_MERRA2
23.62833333,92.72333333,2024-05-28,0.93,NASA_POWER_MERRA2
23.62277778,92.72444444,2024-05-28,0.93,NASA_POWER_MERRA2
23.62194444,92.72305556,2024-05-28,0.93,NASA_POWER_MERRA2
23.62083333,92.7225,2024-05-28,0.93,NASA_POWER_MERRA2
23.61916667,92.7225,2024-05-28,0.93,NASA_POWER_MERRA2
23.61972222,92.72527778,2024-05-28,0.93,NASA_POWER_MERRA2
23.62027778,92.72555556,2024-05-28,0.93,NASA_POWER_MERRA2
23.62027778,92.72611111,2024-05-28,0.93,NASA_POWER_MERRA2
23.62111111,92.72444444,2024-05-28,0.93,NASA_POWER_MERRA2
23.67583333,92.715,2024-05-28,0.93,NASA_POWER_MERRA2
23.67444444,92.71472222,2024-05-28,0.93,NASA_POWER_MERRA2
23.67388889,92.71472222,2024-05-28,0.93,NASA_POWER_MERRA2
23.672069,92.7099293,2024-05-28,0.93,NASA_POWER_MERRA2
23.684301,92.715511,2024-05-28,0.93,NASA_POWER_MERRA2
23.70638889,92.72055556,2024-05-28,0.93,NASA_POWER_MERRA2
23.70416667,92.72,2024-05-28,0.93,NASA_POWER_MERRA2
23.69,92.72361111,2024-05-28,0.93,NASA_POWER_MERRA2
23.68361111,92.72277778,2024-05-28,0.93,NASA_POWER_MERRA2
23.67138889,92.72361111,2024-05-28,0.93,NASA_POWER_MERRA2
23.66666667,92.72388889,2024-05-28,0.93,NASA_POWER_MERRA2
23.635,92.72361111,2024-05-28,0.93,NASA_POWER_MERRA2
23.43277778,92.76111111,2024-05-28,0.93,NASA_POWER_MERRA2
23.46777778,92.74111111,2024-05-28,0.93,NASA_POWER_MERRA2
23.46805556,92.71638889,2024-05-28,0.93,NASA_POWER_MERRA2
23.4725,92.71444444,2024-05-28,0.93,NASA_POWER_MERRA2
23.49722222,92.70333333,2024-05-28,0.93,NASA_POWER_MERRA2
23.51361111,92.69833333,2024-05-28,0.93,NASA_POWER_MERRA2
23.53666667,92.6975,2024-05-28,0.93,NASA_POWER_MERRA2
23.54166667,92.70194444,2024-05-28,0.93,NASA_POWER_MERRA2
23.54277778,92.70333333,2024-05-28,0.93,NASA_POWER_MERRA2
23.52944444,92.72944444,2024-05-28,0.93,NASA_POWER_MERRA2
23.53083333,92.73055556,2024-05-28,0.93,NASA_POWER_MERRA2
23.53111111,92.73361111,2024-05-28,0.93,NASA_POWER_MERRA2
23.53083333,92.73333333,2024-05-28,0.93,NASA_POWER_MERRA2
23.56388889,92.70805556,2024-05-28,0.93,NASA_POWER_MERRA2
23.56416667,92.70805556,2024-05-28,0.93,NASA_POWER_MERRA2
23.565,92.70777778,2024-05-28,0.93,NASA_POWER_MERRA2
23.56666667,92.70888889,2024-05-28,0.93,NASA_POWER_MERRA2
23.77305556,92.74361111,2024-05-28,0.95,NASA_POWER_MERRA2
23.77472222,92.76194444,2024-05-28,0.95,NASA_POWER_MERRA2
23.77361111,92.76111111,2024-05-28,0.95,NASA_POWER_MERRA2
23.74861111,92.73861111,2024-05-28,0.93,NASA_POWER_MERRA2
23.61,92.72083333,2024-05-28,0.93,NASA_POWER_MERRA2
23.5925,92.71666667,2024-05-28,0.93,NASA_POWER_MERRA2
23.58722222,92.71361111,2024-05-28,0.93,NASA_POWER_MERRA2
23.57694444,92.71305556,2024-05-28,0.93,NASA_POWER_MERRA2
23.58027778,92.715,2024-05-28,0.93,NASA_POWER_MERRA2
23.58138889,92.71416667,2024-05-28,0.93,NASA_POWER_MERRA2
23.58694444,92.7175,2024-05-28,0.93,NASA_POWER_MERRA2
23.58583333,92.71638889,2024-05-28,0.93,NASA_POWER_MERRA2
23.58638889,92.71583333,2024-05-28,0.93,NASA_POWER_MERRA2
23.65388889,92.72444444,2024-05-28,0.93,NASA_POWER_MERRA2
23.65416667,92.71777778,2024-05-28,0.93,NASA_POWER_MERRA2
23.655,92.71444444,2024-05-28,0.93,NASA_POWER_MERRA2
23.65416667,92.69,2024-05-28,0.93,NASA_POWER_MERRA2
23.66055556,92.67277778,2024-05-28,0.93,NASA_POWER_MERRA2
23.66083333,92.67277778,2024-05-28,0.93,NASA_POWER_MERRA2
23.65777778,92.67444444,2024-05-28,0.93,NASA_POWER_MERRA2
23.65861111,92.70583333,2024-05-28,0.93,NASA_POWER_MERRA2
23.68143611,92.72144167,2024-05-28,0.93,NASA_POWER_MERRA2
23.73555556,92.78833333,2024-05-28,0.93,NASA_POWER_MERRA2
23.72694444,92.79527778,2024-05-28,0.93,NASA_POWER_MERRA2
23.73277778,92.79722222,2024-05-28,0.93,NASA_POWER_MERRA2
23.73416667,92.79861111,2024-05-28,0.93,NASA_POWER_MERRA2
23.74555556,92.79444444,2024-05-28,0.93,NASA_POWER_MERRA2
23.73666667,92.79722222,2024-05-28,0.93,NASA_POWER_MERRA2
23.73638889,92.79805556,2024-05-28,0.93,NASA_POWER_MERRA2
23.73583333,92.79888889,2024-05-28,0.93,NASA_POWER_MERRA2
23.73638889,92.8,2024-05-28,0.93,NASA_POWER_MERRA2
23.73555556,92.80027778,2024-05-28,0.93,NASA_POWER_MERRA2
23.71972222,92.79777778,2024-05-28,0.93,NASA_POWER_MERRA2
23.72222222,92.80138889,2024-05-28,0.93,NASA_POWER_MERRA2
23.73305556,92.84777778,2024-05-28,0.93,NASA_POWER_MERRA2
23.76083333,92.8475,2024-05-28,0.94,NASA_POWER_MERRA2
23.86972222,92.87611111,2024-05-28,0.94,NASA_POWER_MERRA2
23.80750556,92.83417222,2024-05-28,0.94,NASA_POWER_MERRA2
23.47694444,92.857846,2024-05-28,0.93,NASA_POWER_MERRA2
23.471041,92.85503,2024-05-28,0.93,NASA_POWER_MERRA2
23.465558,92.855991,2024-05-28,0.93,NASA_POWER_MERRA2
23.463164,92.854672,2024-05-28,0.93,NASA_POWER_MERRA2
23.31259,92.856415,2024-05-28,0.93,NASA_POWER_MERRA2
23.288812,92.864763,2024-05-28,0.93,NASA_POWER_MERRA2
23.281264,92.869279,2024-05-28,0.93,NASA_POWER_MERRA2
23.379441,92.844081,2024-05-28,0.93,NASA_POWER_MERRA2
23.38151,92.844938,2024-05-28,0.93,NASA_POWER_MERRA2
23.382175,92.843876,2024-05-28,0.93,NASA_POWER_MERRA2
23.382772,92.845187,2024-05-28,0.93,NASA_POWER_MERRA2
23.381533,92.854115,2024-05-28,0.93,NASA_POWER_MERRA2
23.387941,92.842291,2024-05-28,0.93,NASA_POWER_MERRA2
23.237077,92.910043,2024-05-28,0.89,NASA_POWER_MERRA2
23.126631,93.064946,2024-05-28,0.89,NASA_POWER_MERRA2
22.91452778,92.89333333,2022-11-14,0.69,NASA_POWER_MERRA2
23.65530556,92.7025,2022-04-05,0.41,NASA_POWER_MERRA2
23.70827778,92.71711111,2022-07-23,0.86,NASA_POWER_MERRA2
23.73053889,92.716019,2018-06-22,0.94,NASA_POWER_MERRA2
23.59944444,92.72019444,2023-06-09,0.71,NASA_POWER_MERRA2
23.51980556,92.70066667,2023-08-13,0.88,NASA_POWER_MERRA2
24.27138889,92.96,2023-07-24,0.79,NASA_POWER_MERRA2
24.18561111,92.94536111,2013-08-15,0.9,NASA_POWER_MERRA2
23.86638889,92.88138889,2022-10-02,0.81,NASA_POWER_MERRA2
23.57166667,92.71083333,2023-06-09,0.71,NASA_POWER_MERRA2
23.58388889,92.71722222,2023-08-08,0.92,NASA_POWER_MERRA2
23.58591667,92.71777778,2023-07-25,0.74,NASA_POWER_MERRA2
23.55944444,92.70833333,2023-07-06,0.8,NASA_POWER_MERRA2
23.54380556,92.70136111,2023-08-06,0.88,NASA_POWER_MERRA2
23.54027778,92.70138889,2023-08-06,0.88,NASA_POWER_MERRA2
23.53986111,92.70063889,2023-08-06,0.88,NASA_POWER_MERRA2
23.535,92.69694444,2023-07-28,0.75,NASA_POWER_MERRA2
23.53333333,92.69722222,2023-08-02,0.75,NASA_POWER_MERRA2
23.52972222,92.69611111,2023-08-03,0.88,NASA_POWER_MERRA2
23.49991667,92.70136111,2023-06-02,0.48,NASA_POWER_MERRA2
23.5,92.70111111,2023-08-09,0.89,NASA_POWER_MERRA2
23.78138889,92.67638889,2023-10-25,0.84,NASA_POWER_MERRA2
23.93194444,92.65222222,2023-09-17,0.86,NASA_POWER_MERRA2
23.93027778,92.6525,2023-09-17,0.86,NASA_POWER_MERRA2
23.05805556,92.67583333,2023-08-12,0.92,NASA_POWER_MERRA2
23.0475,92.67166667,2023-09-12,0.93,NASA_POWER_MERRA2
23.05222222,92.67027778,2023-09-12,0.93,NASA_POWER_MERRA2
23.03016667,92.67336111,2023-09-12,0.93,NASA_POWER_MERRA2
23.02280556,92.67255556,2023-09-17,0.91,NASA_POWER_MERRA2
23.00638889,92.67691667,2023-07-23,0.78,NASA_POWER_MERRA2
23.91777778,92.73805556,2023-09-27,0.9,NASA_POWER_MERRA2
23.89638889,92.73638889,2023-09-27,0.9,NASA_POWER_MERRA2
23.60861111,92.85055556,2024-05-28,0.93,NASA_POWER_MERRA2
23.73305556,92.75,2024-07-22,0.89,NASA_POWER_MERRA2
23.73222222,92.75,2024-05-28,0.93,NASA_POWER_MERRA2
23.73194444,92.75,2024-05-28,0.93,NASA_POWER_MERRA2
23.74083333,92.74111111,2024-05-28,0.93,NASA_POWER_MERRA2
23.74916667,92.7375,2024-06-30,0.94,NASA_POWER_MERRA2
23.76972222,92.74472222,2024-05-28,0.95,NASA_POWER_MERRA2
23.76388889,92.73388889,2024-09-26,0.92,NASA_POWER_MERRA2
23.76055556,92.73194444,2024-07-02,0.97,NASA_POWER_MERRA2
23.73888889,92.71472222,2024-08-21,0.98,NASA_POWER_MERRA2
23.74916667,92.69416667,2024-05-28,0.93,NASA_POWER_MERRA2
23.74194444,92.71305556,2024-08-21,0.98,NASA_POWER_MERRA2
23.74388889,92.71222222,2024-07-20,0.9,NASA_POWER_MERRA2
23.74722222,92.71805556,2024-07-02,0.97,NASA_POWER_MERRA2
23.69277778,92.72055556,2024-05-28,0.93,NASA_POWER_MERRA2
23.69777778,92.71944444,2024-09-20,0.91,NASA_POWER_MERRA2
23.69972222,92.7175,2024-06-20,0.92,NASA_POWER_MERRA2
23.70972222,92.72222222,2024-05-28,0.93,NASA_POWER_MERRA2
23.68916667,92.72055556,2024-05-28,0.93,NASA_POWER_MERRA2
23.70277778,92.72083333,2024-07-02,0.97,NASA_POWER_MERRA2
23.7025,92.72138889,2024-07-02,0.97,NASA_POWER_MERRA2
23.69805556,92.72277778,2024-07-02,0.97,NASA_POWER_MERRA2
23.69361111,92.7225,2024-06-28,0.92,NASA_POWER_MERRA2
23.66055556,92.72527778,2024-05-28,0.93,NASA_POWER_MERRA2
23.66,92.72638889,2024-05-28,0.93,NASA_POWER_MERRA2
23.65527778,92.72694444,2024-05-28,0.93,NASA_POWER_MERRA2
23.65138889,92.72694444,2024-05-28,0.93,NASA_POWER_MERRA2
23.64555556,92.72444444,2024-05-28,0.93,NASA_POWER_MERRA2
23.64166667,92.72416667,2024-05-28,0.93,NASA_POWER_MERRA2
23.64083333,92.72472222,2024-05-28,0.93,NASA_POWER_MERRA2
23.6375,92.72277778,2024-05-28,0.93,NASA_POWER_MERRA2
23.62611111,92.72638889,2024-05-28,0.93,NASA_POWER_MERRA2
23.6325,92.72388889,2024-05-28,0.93,NASA_POWER_MERRA2
23.62972222,92.72555556,2024-05-28,0.93,NASA_POWER_MERRA2
23.61611111,92.71722222,2024-05-28,0.93,NASA_POWER_MERRA2
23.61861111,92.72611111,2024-05-28,0.93,NASA_POWER_MERRA2
23.60555556,92.725,2024-05-28,0.93,NASA_POWER_MERRA2
23.58694444,92.8175,2024-08-25,0.95,NASA_POWER_MERRA2
23.59194444,92.75055556,2024-05-28,0.93,NASA_POWER_MERRA2
23.595,92.81611111,2024-05-28,0.93,NASA_POWER_MERRA2
23.60861111,92.80972222,2024-05-28,0.93,NASA_POWER_MERRA2
23.60972222,92.80916667,2024-05-28,0.93,NASA_POWER_MERRA2
23.61361111,92.80777778,2024-05-28,0.93,NASA_POWER_MERRA2
23.61222222,92.80527778,2024-05-28,0.93,NASA_POWER_MERRA2
23.61138889,92.80333333,2024-05-28,0.93,NASA_POWER_MERRA2
23.60972222,92.79972222,2024-07-02,0.97,NASA_POWER_MERRA2
23.615,92.79222222,2024-05-28,0.93,NASA_POWER_MERRA2
23.61583333,92.79111111,2023-09-23,0.91,NASA_POWER_MERRA2
23.61861111,92.79,2024-05-28,0.93,NASA_POWER_MERRA2
23.62333333,92.78888889,2024-05-28,0.93,NASA_POWER_MERRA2
23.62361111,92.78888889,2024-08-28,0.95,NASA_POWER_MERRA2
23.62527778,92.78638889,2024-05-28,0.93,NASA_POWER_MERRA2
23.60111111,92.75888889,2024-05-26,0.77,NASA_POWER_MERRA2
23.59055556,92.71611111,2024-05-28,0.93,NASA_POWER_MERRA2
23.59027778,92.71583333,2024-05-28,0.93,NASA_POWER_MERRA2
23.57138889,92.70972222,2024-05-28,0.93,NASA_POWER_MERRA2
23.55388889,92.70472222,2024-05-28,0.93,NASA_POWER_MERRA2
23.55444444,92.70527778,2024-05-28,0.93,NASA_POWER_MERRA2
23.5625,92.70777778,2024-08-25,0.97,NASA_POWER_MERRA2
23.56555556,92.7075,2024-07-19,0.91,NASA_POWER_MERRA2
23.55,92.70444444,2024-05-28,0.93,NASA_POWER_MERRA2
23.53222222,92.735,2024-05-28,0.93,NASA_POWER_MERRA2
23.53555556,92.72333333,2024-05-28,0.93,NASA_POWER_MERRA2
23.53805556,92.71861111,2024-05-29,0.83,NASA_POWER_MERRA2
23.54833333,92.71083333,2024-05-28,0.93,NASA_POWER_MERRA2
23.545,92.70333333,2024-05-28,0.93,NASA_POWER_MERRA2
23.53694444,92.6975,2024-05-28,0.93,NASA_POWER_MERRA2
23.53555556,92.69694444,2024-05-28,0.93,NASA_POWER_MERRA2
23.53027778,92.69666667,2024-05-28,0.93,NASA_POWER_MERRA2
23.52861111,92.6975,2024-05-28,0.93,NASA_POWER_MERRA2
23.52777778,92.69861111,2024-05-28,0.93,NASA_POWER_MERRA2
23.52277778,92.70277778,2024-05-28,0.93,NASA_POWER_MERRA2
23.51944444,92.70055556,2024-09-25,0.96,NASA_POWER_MERRA2
23.51444444,92.69805556,2024-05-28,0.93,NASA_POWER_MERRA2
23.51055556,92.69972222,2024-05-28,0.93,NASA_POWER_MERRA2
23.50861111,92.69805556,2024-05-28,0.93,NASA_POWER_MERRA2
23.50694444,92.69638889,2024-05-28,0.93,NASA_POWER_MERRA2
23.50527778,92.6975,2024-05-28,0.93,NASA_POWER_MERRA2
23.55027778,92.70444444,2024-05-28,0.93,NASA_POWER_MERRA2
23.54277778,92.67638889,2024-05-28,0.93,NASA_POWER_MERRA2
23.53944444,92.66527778,2024-05-28,0.93,NASA_POWER_MERRA2
23.53888889,92.6625,2024-05-28,0.93,NASA_POWER_MERRA2
23.53944444,92.65888889,2024-05-28,0.93,NASA_POWER_MERRA2
23.53611111,92.65527778,2024-05-28,0.93,NASA_POWER_MERRA2
23.52694444,92.65444444,2024-09-20,0.91,NASA_POWER_MERRA2
23.52583333,92.63861111,2024-06-02,0.82,NASA_POWER_MERRA2
23.45083333,92.6825,2024-05-28,0.93,NASA_POWER_MERRA2
23.44805556,92.68333333,2024-05-28,0.93,NASA_POWER_MERRA2
23.44333333,92.68527778,2024-05-28,0.93,NASA_POWER_MERRA2
23.41694444,92.71805556,2024-05-28,0.93,NASA_POWER_MERRA2
23.41,92.74944444,2024-05-28,0.93,NASA_POWER_MERRA2
23.37972222,92.75166667,2024-05-28,0.93,NASA_POWER_MERRA2
23.43194444,92.76083333,2024-05-28,0.93,NASA_POWER_MERRA2
23.48555556,92.70305556,2024-05-28,0.93,NASA_POWER_MERRA2
23.66194444,92.85416667,2024-11-12,0.82,NASA_POWER_MERRA2
23.68277778,92.8575,2024-05-28,0.93,NASA_POWER_MERRA2
23.68305556,92.8575,2024-05-28,0.93,NASA_POWER_MERRA2
23.71388889,92.85722222,2024-07-02,0.96,NASA_POWER_MERRA2
23.68638889,92.85833333,2024-05-28,0.93,NASA_POWER_MERRA2
23.69472222,92.85972222,2024-05-28,0.93,NASA_POWER_MERRA2
23.71416667,92.85805556,2024-05-28,0.93,NASA_POWER_MERRA2
23.72722222,92.85472222,2024-05-28,0.93,NASA_POWER_MERRA2
23.72972222,92.85305556,2024-05-28,0.93,NASA_POWER_MERRA2
23.73111111,92.84638889,2024-05-28,0.93,NASA_POWER_MERRA2
23.73361111,92.84305556,2024-05-28,0.93,NASA_POWER_MERRA2
23.73833333,92.81333333,2024-05-28,0.93,NASA_POWER_MERRA2
23.73694444,92.81361111,2024-07-02,0.96,NASA_POWER_MERRA2
23.73472222,92.81333333,2024-05-28,0.93,NASA_POWER_MERRA2
23.73055556,92.75861111,2024-05-28,0.93,NASA_POWER_MERRA2
23.72916667,92.76583333,2024-07-02,0.97,NASA_POWER_MERRA2
23.73027778,92.76861111,2024-08-28,0.95,NASA_POWER_MERRA2
23.73222222,92.76555556,2024-07-02,0.97,NASA_POWER_MERRA2
23.73794444,92.78613889,2024-07-02,0.97,NASA_POWER_MERRA2
23.7375,92.78805556,2024-07-02,0.97,NASA_POWER_MERRA2
23.73388889,92.79388889,2024-07-02,0.97,NASA_POWER_MERRA2
23.72138889,92.79944444,2024-07-02,0.97,NASA_POWER_MERRA2
23.72138889,92.85777778,2024-07-02,0.96,NASA_POWER_MERRA2
23.72083333,92.86472222,2024-07-02,0.96,NASA_POWER_MERRA2
23.71166667,92.87833333,2024-07-02,0.96,NASA_POWER_MERRA2
23.71111111,92.87861111,2024-06-28,0.9,NASA_POWER_MERRA2
23.70333333,92.87638889,2024-07-18,0.89,NASA_POWER_MERRA2
23.73361111,92.84833333,2024-06-07,0.84,NASA_POWER_MERRA2
23.735,92.85666667,2024-07-02,0.96,NASA_POWER_MERRA2
23.73666667,92.85611111,2024-07-02,0.96,NASA_POWER_MERRA2
23.73583333,92.85194444,2024-05-28,0.93,NASA_POWER_MERRA2
23.74416667,92.85555556,2024-09-25,0.97,NASA_POWER_MERRA2
23.74361111,92.85416667,2024-09-25,0.97,NASA_POWER_MERRA2
23.76111111,92.84777778,2024-07-02,0.97,NASA_POWER_MERRA2
23.76527778,92.85,2024-07-02,0.97,NASA_POWER_MERRA2
23.76861111,92.85138889,2024-07-02,0.97,NASA_POWER_MERRA2
23.77777778,92.8479,2024-05-28,0.94,NASA_POWER_MERRA2
23.774,92.848,2024-06-28,0.92,NASA_POWER_MERRA2
23.7775,92.84833333,2024-05-28,0.94,NASA_POWER_MERRA2
23.77833333,92.84666667,2024-05-28,0.94,NASA_POWER_MERRA2
23.77166667,92.84805556,2023-07-23,0.71,NASA_POWER_MERRA2
23.77361111,92.84944444,2024-05-28,0.94,NASA_POWER_MERRA2
23.82638889,92.8325,2024-05-28,0.94,NASA_POWER_MERRA2
23.83277778,92.8325,2024-07-02,0.97,NASA_POWER_MERRA2
23.83888889,92.83194444,2024-07-02,0.97,NASA_POWER_MERRA2
23.84777778,92.83694444,2024-05-28,0.94,NASA_POWER_MERRA2
23.85194444,92.83305556,2024-09-25,0.97,NASA_POWER_MERRA2
23.86222222,92.83666667,2024-07-02,0.97,NASA_POWER_MERRA2
23.87694444,92.84,2024-07-02,0.97,NASA_POWER_MERRA2
23.87777778,92.84083333,2024-09-25,0.97,NASA_POWER_MERRA2
23.88583333,92.85055556,2024-09-28,0.89,NASA_POWER_MERRA2
23.89277778,92.85083333,2024-09-28,0.89,NASA_POWER_MERRA2
23.89138889,92.84888889,2024-07-02,0.97,NASA_POWER_MERRA2
23.89305556,92.84722222,2024-09-28,0.89,NASA_POWER_MERRA2
23.88361111,92.85305556,2024-08-17,0.91,NASA_POWER_MERRA2
23.88527778,92.8575,2024-09-25,0.97,NASA_POWER_MERRA2
23.76972222,92.76,2024-07-02,0.97,NASA_POWER_MERRA2
24.03503889,93.54139444,2024-09-28,0.8,NASA_POWER_MERRA2
24.05808333,93.49808333,2024-10-07,0.83,NASA_POWER_MERRA2
24.04531667,93.49220278,2024-10-07,0.83,NASA_POWER_MERRA2
24.090025,93.54191667,2024-10-07,0.83,NASA_POWER_MERRA2
24.10864167,93.54198333,2024-09-28,0.8,NASA_POWER_MERRA2
24.12682222,93.54013889,2024-09-28,0.8,NASA_POWER_MERRA2
24.12715278,93.53351389,2024-10-07,0.83,NASA_POWER_MERRA2
24.17180556,93.54406667,2024-07-02,0.91,NASA_POWER_MERRA2
24.18291667,93.53441944,2024-07-02,0.91,NASA_POWER_MERRA2
24.18566111,93.53935278,2024-07-02,0.91,NASA_POWER_MERRA2
24.24449722,93.55275833,2024-07-02,0.91,NASA_POWER_MERRA2
24.24755556,93.54809722,2024-07-02,0.91,NASA_POWER_MERRA2
24.28840278,93.58591389,2024-08-13,0.87,NASA_POWER_MERRA2
24.29982222,93.59040833,2024-08-13,0.87,NASA_POWER_MERRA2
24.30768611,93.58120556,2024-08-13,0.87,NASA_POWER_MERRA2
24.30711944,93.59375833,2024-08-13,0.87,NASA_POWER_MERRA2
24.33915833,93.66233611,2024-08-13,0.87,NASA_POWER_MERRA2
24.33331944,93.65702778,2024-08-13,0.87,NASA_POWER_MERRA2
24.33300556,93.65357222,2024-09-28,0.86,NASA_POWER_MERRA2
24.3309,93.66054444,2024-08-13,0.87,NASA_POWER_MERRA2
24.32773611,93.57937222,2024-07-02,0.95,NASA_POWER_MERRA2
24.39255556,93.65468611,2024-08-13,0.87,NASA_POWER_MERRA2
24.49112222,93.62215556,2024-08-13,0.87,NASA_POWER_MERRA2
24.48458889,93.58781944,2024-08-13,0.87,NASA_POWER_MERRA2
24.492825,93.58643611,2024-09-28,0.86,NASA_POWER_MERRA2
24.51785556,93.55086944,2024-08-13,0.87,NASA_POWER_MERRA2
24.52308611,93.57206944,2024-09-28,0.86,NASA_POWER_MERRA2
24.450125,93.35963889,2024-08-08,0.9,NASA_POWER_MERRA2
24.48857222,93.36792222,2024-09-28,0.88,NASA_POWER_MERRA2
24.54263333,93.39741944,2024-08-18,0.9,NASA_POWER_MERRA2
24.60002222,93.37166389,2024-10-21,0.88,NASA_POWER_MERRA2
24.60067222,93.37223056,2024-10-21,0.88,NASA_POWER_MERRA2
24.60372222,93.37223056,2024-07-02,0.96,NASA_POWER_MERRA2
24.66895556,93.33700556,2024-07-02,0.96,NASA_POWER_MERRA2
24.76606111,93.30076667,2024-08-13,0.9,NASA_POWER_MERRA2
24.73838889,93.30909722,2024-08-18,0.9,NASA_POWER_MERRA2
24.72074444,93.30899167,2024-07-02,0.96,NASA_POWER_MERRA2
24.716225,93.32551389,2024-08-18,0.9,NASA_POWER_MERRA2
24.70553333,93.33064167,2024-09-28,0.88,NASA_POWER_MERRA2
24.60719444,93.46784722,2024-08-19,0.97,NASA_POWER_MERRA2
24.60853333,93.41668333,2024-08-18,0.9,NASA_POWER_MERRA2
23.09758333,93.21623333,2024-07-02,0.95,NASA_POWER_MERRA2
23.10851389,93.20975,2024-06-28,0.87,NASA_POWER_MERRA2
23.101925,93.20426111,2024-07-02,0.95,NASA_POWER_MERRA2
23.10184722,93.20138889,2024-09-28,0.92,NASA_POWER_MERRA2
23.09759444,93.21089444,2024-07-02,0.95,NASA_POWER_MERRA2
23.09561111,93.20786389,2024-05-28,0.89,NASA_POWER_MERRA2
23.10100556,93.19393611,2024-07-02,0.95,NASA_POWER_MERRA2
23.0983,93.17597222,2024-07-02,0.95,NASA_POWER_MERRA2
23.110975,93.21260278,2024-05-28,0.89,NASA_POWER_MERRA2
23.25986389,93.16155278,2024-10-28,0.87,NASA_POWER_MERRA2
23.25828611,93.15288333,2024-11-28,0.73,NASA_POWER_MERRA2
23.26126111,93.15070556,2024-11-28,0.73,NASA_POWER_MERRA2
23.27598056,93.14351667,2024-07-02,0.96,NASA_POWER_MERRA2
23.27663889,93.14375,2024-07-02,0.96,NASA_POWER_MERRA2
23.281075,93.144075,2024-07-02,0.96,NASA_POWER_MERRA2
23.32829167,93.12184167,2024-09-28,0.91,NASA_POWER_MERRA2
23.33529167,93.11214167,2024-07-02,0.96,NASA_POWER_MERRA2
23.41421944,93.10569167,2024-08-13,0.91,NASA_POWER_MERRA2
23.50882222,93.09170278,2024-07-02,0.96,NASA_POWER_MERRA2
23.54130278,93.10256944,2024-09-12,0.91,NASA_POWER_MERRA2
23.54600556,93.09247222,2024-09-12,0.91,NASA_POWER_MERRA2
23.54286944,93.08539722,2024-09-12,0.91,NASA_POWER_MERRA2
23.56332778,93.10553333,2024-10-22,0.89,NASA_POWER_MERRA2
23.56785,93.10472222,2024-09-12,0.91,NASA_POWER_MERRA2
23.56413333,93.11378889,2024-09-12,0.91,NASA_POWER_MERRA2
23.56233889,93.11890833,2024-09-12,0.91,NASA_POWER_MERRA2
23.56238611,93.12376667,2024-09-12,0.91,NASA_POWER_MERRA2
23.56404167,93.10752222,2024-09-12,0.91,NASA_POWER_MERRA2
23.56145278,93.10908889,2024-09-12,0.91,NASA_POWER_MERRA2
23.55881111,93.10900556,2024-09-12,0.91,NASA_POWER_MERRA2
23.5356,93.10656944,2024-09-13,0.92,NASA_POWER_MERRA2
23.34297778,93.057775,2024-09-13,0.92,NASA_POWER_MERRA2
23.35406111,93.04156111,2024-09-28,0.91,NASA_POWER_MERRA2
23.35958611,93.04477222,2024-09-28,0.91,NASA_POWER_MERRA2
23.36556111,93.05125278,2024-07-09,0.92,NASA_POWER_MERRA2
23.36966389,93.04609444,2024-07-09,0.92,NASA_POWER_MERRA2
23.03821667,93.12529444,2024-09-17,0.92,NASA_POWER_MERRA2
23.54294167,93.23821667,2024-09-24,0.91,NASA_POWER_MERRA2
24.55205833,93.25569167,2024-07-09,0.93,NASA_POWER_MERRA2
24.599425,93.30004722,2024-08-24,0.95,NASA_POWER_MERRA2
24.60921944,93.30050278,2024-09-24,0.84,NASA_POWER_MERRA2
24.64528611,93.28593611,2024-09-24,0.84,NASA_POWER_MERRA2
24.02205833,93.29369167,2024-09-24,0.86,NASA_POWER_MERRA2
23.01689167,93.283175,2024-09-24,0.94,NASA_POWER_MERRA2
24.02782222,93.28944444,2024-07-02,0.97,NASA_POWER_MERRA2
24.04014167,93.2915,2024-07-02,0.97,NASA_POWER_MERRA2
24.03980278,93.29373889,2024-07-02,0.97,NASA_POWER_MERRA2
24.05823611,93.28901944,2024-07-02,0.97,NASA_POWER_MERRA2
24.09210556,93.29866667,2024-09-24,0.86,NASA_POWER_MERRA2
24.12428889,93.318525,2024-07-02,0.97,NASA_POWER_MERRA2
24.297775,93.34159722,2024-09-24,0.84,NASA_POWER_MERRA2
24.35137778,93.34095556,2024-09-24,0.84,NASA_POWER_MERRA2
23.631219,93.118033,2024-08-15,0.9,NASA_POWER_MERRA2
23.62418333,93.14208611,2024-08-15,0.9,NASA_POWER_MERRA2
23.56672222,93.13764444,2024-07-09,0.92,NASA_POWER_MERRA2
24.04014167,93.2915,2024-07-02,0.97,NASA_POWER_MERRA2
24.57467222,93.14389722,2024-07-09,0.93,NASA_POWER_MERRA2
24.56917222,93.14073611,2024-07-02,0.96,NASA_POWER_MERRA2
24.5606,93.13071389,2024-07-07,0.94,NASA_POWER_MERRA2
24.55987778,93.12541667,2024-07-07,0.94,NASA_POWER_MERRA2
24.08927222,93.12408611,2024-09-28,0.89,NASA_POWER_MERRA2
24.10641389,93.12339944,2024-09-28,0.89,NASA_POWER_MERRA2
24.10710778,93.11535444,2024-07-07,0.94,NASA_POWER_MERRA2
24.10015917,93.10461389,2024-09-24,0.86,NASA_POWER_MERRA2
24.11104722,93.10374167,2024-09-24,0.86,NASA_POWER_MERRA2
24.10506389,93.09593611,2024-09-24,0.86,NASA_POWER_MERRA2
24.10743611,93.09532222,2024-09-24,0.86,NASA_POWER_MERRA2
24.10687222,93.08849722,2024-09-24,0.86,NASA_POWER_MERRA2
23.24231111,93.17726667,2024-07-17,0.89,NASA_POWER_MERRA2
23.24500833,93.17587222,2024-09-24,0.94,NASA_POWER_MERRA2
23.24454722,93.17027222,2024-07-19,0.89,NASA_POWER_MERRA2
23.20960722,93.13104722,2024-07-02,0.95,NASA_POWER_MERRA2
23.21068583,93.1212325,2024-07-02,0.95,NASA_POWER_MERRA2
23.49216111,93.23695,2024-07-17,0.9,NASA_POWER_MERRA2
24.15364444,93.02183611,2024-06-07,0.85,NASA_POWER_MERRA2
24.15817222,93.02488611,2024-09-28,0.89,NASA_POWER_MERRA2
24.23419444,93.02469167,2024-09-28,0.89,NASA_POWER_MERRA2
24.32836667,93.00923056,2024-09-28,0.88,NASA_POWER_MERRA2
24.40520278,93.06672222,2024-07-09,0.93,NASA_POWER_MERRA2
24.4259,93.13580556,2024-05-28,0.94,NASA_POWER_MERRA2
24.65409167,93.204625,2024-07-17,0.9,NASA_POWER_MERRA2
24.65018056,93.20256667,2024-07-17,0.9,NASA_POWER_MERRA2
24.6273,93.20404444,2024-07-17,0.9,NASA_POWER_MERRA2
24.58605,93.21056389,2024-09-24,0.84,NASA_POWER_MERRA2
24.577475,93.19105,2024-10-22,0.88,NASA_POWER_MERRA2
24.56062778,93.18938889,2024-07-07,0.94,NASA_POWER_MERRA2
24.5716,93.17273056,2024-06-12,0.88,NASA_POWER_MERRA2
24.56925833,93.177275,2024-05-28,0.94,NASA_POWER_MERRA2
24.57296389,93.17700556,2024-07-07,0.94,NASA_POWER_MERRA2
24.5768,93.106075,2024-06-12,0.88,NASA_POWER_MERRA2
24.526075,93.05379167,2024-05-28,0.94,NASA_POWER_MERRA2
24.458325,93.09439167,2024-09-24,0.84,NASA_POWER_MERRA2
23.6868033,92.7251987,2025-05-29,0.9,NASA_POWER_MERRA2
23.7002691,92.7181685,2025-05-13,0.64,NASA_POWER_MERRA2
23.74247,92.705587,2025-05-31,0.93,NASA_POWER_MERRA2
23.729422,92.716596,2024-05-28,0.93,NASA_POWER_MERRA2
23.71577,92.713172,2025-05-31,0.93,NASA_POWER_MERRA2
23.75024,92.736662,2025-06-01,0.97,NASA_POWER_MERRA2
23.758901,92.730863,2025-05-30,0.92,NASA_POWER_MERRA2
23.755925,92.726753,2025-05-24,0.82,NASA_POWER_MERRA2
23.745802,92.717053,2025-06-01,0.95,NASA_POWER_MERRA2
23.605091,92.72184,2024-05-28,0.93,NASA_POWER_MERRA2
23.581766,92.713413,2024-05-28,0.93,NASA_POWER_MERRA2
23.469247,92.744068,2025-06-01,0.95,NASA_POWER_MERRA2
23.410771,92.753123,2024-05-28,0.93,NASA_POWER_MERRA2
23.367366,92.767304,2025-06-01,0.95,NASA_POWER_MERRA2
23.353485,92.780193,2025-05-31,0.93,NASA_POWER_MERRA2
23.350187,92.778852,2025-05-30,0.92,NASA_POWER_MERRA2
23.341022,92.776761,2025-05-30,0.92,NASA_POWER_MERRA2
23.339144,92.786128,2025-05-30,0.92,NASA_POWER_MERRA2
23.336229,92.787113,2025-05-30,0.92,NASA_POWER_MERRA2
23.313871,92.792739,2025-06-01,0.95,NASA_POWER_MERRA2
23.315355,92.790619,2025-05-31,0.93,NASA_POWER_MERRA2
23.316491,92.788798,2025-05-31,0.93,NASA_POWER_MERRA2
23.239637,92.748175,2025-05-30,0.94,NASA_POWER_MERRA2
23.239077,92.745631,2025-05-31,0.93,NASA_POWER_MERRA2
23.239137,92.744468,2025-06-01,0.95,NASA_POWER_MERRA2
23.239797,92.744214,2025-05-31,0.93,NASA_POWER_MERRA2
23.238785,92.744224,2025-05-31,0.93,NASA_POWER_MERRA2
23.235716,92.744499,2025-05-31,0.93,NASA_POWER_MERRA2
23.214239,92.740856,2025-05-31,0.93,NASA_POWER_MERRA2
23.203253,92.735838,2025-05-31,0.93,NASA_POWER_MERRA2
23.200475,92.735007,2025-06-01,0.95,NASA_POWER_MERRA2
23.195661,92.73562,2025-06-01,0.95,NASA_POWER_MERRA2
23.194007,92.734654,2025-05-30,0.94,NASA_POWER_MERRA2
23.193468,92.734849,2025-05-30,0.94,NASA_POWER_MERRA2
23.183856,92.735346,2025-05-30,0.94,NASA_POWER_MERRA2
23.181806,92.736868,2025-05-30,0.94,NASA_POWER_MERRA2
23.18077,92.735789,2025-05-31,0.93,NASA_POWER_MERRA2
23.173606,92.739793,2025-05-31,0.93,NASA_POWER_MERRA2
23.150939,92.748258,2025-05-31,0.93,NASA_POWER_MERRA2
23.140846,92.751229,2025-05-31,0.93,NASA_POWER_MERRA2
23.1351,92.748694,2025-05-31,0.93,NASA_POWER_MERRA2
23.134009,92.746247,2025-05-31,0.93,NASA_POWER_MERRA2
23.132082,92.746268,2025-05-31,0.93,NASA_POWER_MERRA2
23.114694,92.743931,2025-06-01,0.95,NASA_POWER_MERRA2
23.114225,92.746024,2025-05-31,0.93,NASA_POWER_MERRA2
23.111824,92.745097,2025-05-31,0.93,NASA_POWER_MERRA2
23.015005,92.765065,2025-05-30,0.94,NASA_POWER_MERRA2
23.022804,92.755698,2025-05-31,0.93,NASA_POWER_MERRA2
22.973735,92.725975,2025-05-30,0.94,NASA_POWER_MERRA2
22.519716,92.891037,2025-05-31,0.93,NASA_POWER_MERRA2
22.404215,92.951647,2025-05-31,0.93,NASA_POWER_MERRA2
22.491822,92.970252,2025-05-31,0.93,NASA_POWER_MERRA2
22.491,92.97076,2025-05-31,0.93,NASA_POWER_MERRA2
22.469737,93.100868,2025-06-01,0.95,NASA_POWER_MERRA2
22.437107,92.946912,2025-05-31,0.93,NASA_POWER_MERRA2
22.54735,92.882032,2025-05-31,0.93,NASA_POWER_MERRA2
22.866131,92.772713,2025-06-01,0.95,NASA_POWER_MERRA2
22.903567,92.758702,2025-06-01,0.95,NASA_POWER_MERRA2
22.903454,92.760096,2025-06-01,0.95,NASA_POWER_MERRA2
22.904615,92.75705,2025-06-01,0.95,NASA_POWER_MERRA2
22.922528,92.752404,2025-06-01,0.95,NASA_POWER_MERRA2
22.895235,92.747812,2025-06-02,0.94,NASA_POWER_MERRA2
22.967715,92.925677,2025-05-31,0.92,NASA_POWER_MERRA2
22.971217,92.925544,2025-05-31,0.92,NASA_POWER_MERRA2
22.969582,92.925917,2025-05-31,0.92,NASA_POWER_MERRA2
23.077813,92.89844,2025-05-31,0.92,NASA_POWER_MERRA2
23.081023,92.897247,2025-05-31,0.92,NASA_POWER_MERRA2
23.084343,92.898597,2025-05-31,0.92,NASA_POWER_MERRA2
23.170678,92.899334,2025-06-01,0.93,NASA_POWER_MERRA2
23.180345,92.900082,2025-06-01,0.93,NASA_POWER_MERRA2
23.187383,92.89826,2025-06-01,0.93,NASA_POWER_MERRA2
23.187762,92.898034,2025-06-01,0.93,NASA_POWER_MERRA2
23.188273,92.898879,2025-05-31,0.92,NASA_POWER_MERRA2
23.193401,92.900218,2025-05-29,0.89,NASA_POWER_MERRA2
23.198119,92.899566,2025-05-31,0.92,NASA_POWER_MERRA2
23.32201,92.85822,2025-05-31,0.94,NASA_POWER_MERRA2
23.322039,92.859147,2025-05-31,0.94,NASA_POWER_MERRA2
23.319156,92.857722,2025-05-31,0.94,NASA_POWER_MERRA2
23.317543,92.858683,2025-05-31,0.94,NASA_POWER_MERRA2
23.318568,92.852294,2025-05-31,0.94,NASA_POWER_MERRA2
23.323423,92.860926,2025-05-31,0.94,NASA_POWER_MERRA2
23.319412,92.855415,2025-05-31,0.94,NASA_POWER_MERRA2
23.319184,92.856725,2025-05-31,0.94,NASA_POWER_MERRA2
23.309286,92.850807,2025-05-31,0.94,NASA_POWER_MERRA2
23.10112,92.852784,2025-05-31,0.92,NASA_POWER_MERRA2
23.309914,92.853522,2025-05-31,0.94,NASA_POWER_MERRA2
23.315273,92.856524,2025-05-31,0.94,NASA_POWER_MERRA2
23.311529,92.85443,2025-05-31,0.94,NASA_POWER_MERRA2
23.31637,92.854172,2025-05-31,0.94,NASA_POWER_MERRA2
23.310074,92.858498,2025-05-31,0.94,NASA_POWER_MERRA2
23.309295,92.860017,2025-05-31,0.94,NASA_POWER_MERRA2
23.308629,92.860039,2025-05-31,0.94,NASA_POWER_MERRA2
23.308778,92.858357,2025-05-31,0.94,NASA_POWER_MERRA2
23.300837,92.855693,2025-05-31,0.94,NASA_POWER_MERRA2
23.300787,92.853572,2025-05-31,0.94,NASA_POWER_MERRA2
23.305323,92.852358,2025-05-31,0.94,NASA_POWER_MERRA2
23.304746,92.862109,2025-06-08,0.9,NASA_POWER_MERRA2
23.298928,92.857435,2025-05-31,0.94,NASA_POWER_MERRA2
23.310846,92.858915,2025-05-31,0.94,NASA_POWER_MERRA2
23.311335,92.858026,2025-05-31,0.94,NASA_POWER_MERRA2
23.307089,92.854209,2025-05-31,0.94,NASA_POWER_MERRA2
23.3057,92.852802,2025-05-31,0.94,NASA_POWER_MERRA2
23.307093,92.856289,2025-06-01,0.94,NASA_POWER_MERRA2
23.307524,92.857678,2025-06-01,0.94,NASA_POWER_MERRA2
23.305939,92.857538,2025-06-01,0.94,NASA_POWER_MERRA2
23.303906,92.853173,2025-06-01,0.94,NASA_POWER_MERRA2
23.301381,92.853078,2025-05-31,0.94,NASA_POWER_MERRA2
23.299628,92.855609,2025-05-31,0.94,NASA_POWER_MERRA2
23.298137,92.857412,2025-05-29,0.87,NASA_POWER_MERRA2
23.293453,92.858089,2025-05-30,0.9,NASA_POWER_MERRA2
23.298166,92.858694,2025-05-31,0.94,NASA_POWER_MERRA2
23.346456,92.851511,2025-06-01,0.94,NASA_POWER_MERRA2
23.3466,92.854847,2025-06-01,0.94,NASA_POWER_MERRA2
23.301587,92.868485,2025-05-31,0.94,NASA_POWER_MERRA2
23.313996,92.863984,2025-05-31,0.94,NASA_POWER_MERRA2
23.3228,92.862406,2025-05-31,0.94,NASA_POWER_MERRA2
23.243855,92.905242,2025-05-31,0.92,NASA_POWER_MERRA2
23.286735,92.85703,2025-05-31,0.94,NASA_POWER_MERRA2
23.284565,92.857096,2025-05-31,0.94,NASA_POWER_MERRA2
23.281443,92.840145,2025-06-01,0.94,NASA_POWER_MERRA2
23.280947,92.8367,2025-06-01,0.94,NASA_POWER_MERRA2
23.288276,92.830821,2025-05-31,0.94,NASA_POWER_MERRA2
23.293863,92.741368,2025-06-01,0.95,NASA_POWER_MERRA2
23.295774,92.740012,2025-06-01,0.95,NASA_POWER_MERRA2
23.30265,92.742945,2025-06-01,0.95,NASA_POWER_MERRA2
23.307135,92.707624,2025-05-31,0.93,NASA_POWER_MERRA2
23.306409,92.706083,2025-05-31,0.93,NASA_POWER_MERRA2
23.306012,92.704212,2025-05-31,0.93,NASA_POWER_MERRA2
23.300291,92.69577,2025-06-01,0.95,NASA_POWER_MERRA2
23.299806,92.694901,2025-06-01,0.95,NASA_POWER_MERRA2
23.299312,92.692614,2025-06-01,0.95,NASA_POWER_MERRA2
23.297521,92.689449,2025-06-01,0.95,NASA_POWER_MERRA2
23.30374,92.672816,2025-06-01,0.95,NASA_POWER_MERRA2
23.304123,92.671521,2025-06-01,0.95,NASA_POWER_MERRA2
23.306105,92.671296,2025-06-01,0.95,NASA_POWER_MERRA2
23.306338,92.666573,2025-06-01,0.95,NASA_POWER_MERRA2
23.32044,92.643229,2025-06-01,0.95,NASA_POWER_MERRA2
23.301901,92.649401,2025-06-01,0.95,NASA_POWER_MERRA2
23.246611,92.655112,2025-06-01,0.95,NASA_POWER_MERRA2
23.2388,92.636923,2025-06-01,0.95,NASA_POWER_MERRA2
23.234538,92.637234,2025-06-01,0.95,NASA_POWER_MERRA2
23.206413,92.632701,2025-06-01,0.95,NASA_POWER_MERRA2
23.197283,92.632661,2025-06-01,0.95,NASA_POWER_MERRA2
23.174558,92.612556,2025-06-01,0.95,NASA_POWER_MERRA2
23.1739,92.611378,2025-06-01,0.95,NASA_POWER_MERRA2
23.173258,92.611929,2025-06-01,0.95,NASA_POWER_MERRA2
23.17252,92.611434,2025-06-01,0.95,NASA_POWER_MERRA2
23.172659,92.611828,2025-06-01,0.95,NASA_POWER_MERRA2
23.198272,92.589291,2025-06-01,0.95,NASA_POWER_MERRA2
23.198961,92.590043,2025-06-01,0.95,NASA_POWER_MERRA2
23.199095,92.586671,2025-06-01,0.95,NASA_POWER_MERRA2
23.199415,92.585883,2025-06-01,0.95,NASA_POWER_MERRA2
23.200105,92.584517,2025-06-01,0.95,NASA_POWER_MERRA2
23.200655,92.5813,2025-06-01,0.95,NASA_POWER_MERRA2
23.201843,92.579666,2025-06-01,0.95,NASA_POWER_MERRA2
23.202247,92.57903,2025-06-01,0.95,NASA_POWER_MERRA2
23.203107,92.577972,2025-06-01,0.95,NASA_POWER_MERRA2
23.203903,92.576807,2025-06-01,0.95,NASA_POWER_MERRA2
23.204282,92.576174,2025-06-01,0.95,NASA_POWER_MERRA2
23.204481,92.575792,2025-06-01,0.95,NASA_POWER_MERRA2
23.205193,92.574684,2025-06-01,0.95,NASA_POWER_MERRA2
23.214589,92.572672,2025-06-01,0.95,NASA_POWER_MERRA2
23.212919,92.558022,2025-06-01,0.95,NASA_POWER_MERRA2
23.207082,92.509726,2025-06-01,0.95,NASA_POWER_MERRA2
23.195616,92.546251,2025-06-01,0.95,NASA_POWER_MERRA2
23.19796,92.543304,2025-06-01,0.95,NASA_POWER_MERRA2
23.190022,92.554302,2025-06-01,0.95,NASA_POWER_MERRA2
23.21035,92.539589,2025-06-01,0.95,NASA_POWER_MERRA2
23.208921,92.541174,2025-06-01,0.95,NASA_POWER_MERRA2
23.208823,92.53749,2025-06-01,0.95,NASA_POWER_MERRA2
23.206239,92.491221,2025-06-01,0.95,NASA_POWER_MERRA2
23.20549,92.543278,2025-06-01,0.95,NASA_POWER_MERRA2
23.219631,92.563324,2025-06-01,0.95,NASA_POWER_MERRA2
23.204981,92.534603,2025-06-01,0.95,NASA_POWER_MERRA2
23.206253,92.533605,2025-06-01,0.95,NASA_POWER_MERRA2
23.209857,92.500587,2025-06-01,0.95,NASA_POWER_MERRA2
23.206239,92.491221,2025-06-01,0.95,NASA_POWER_MERRA2
23.199961,92.488796,2025-06-01,0.95,NASA_POWER_MERRA2
23.17824,92.491031,2025-06-01,0.95,NASA_POWER_MERRA2
23.180969,92.488193,2025-06-01,0.95,NASA_POWER_MERRA2
23.180354,92.486971,2025-06-01,0.95,NASA_POWER_MERRA2
23.182466,92.487731,2025-06-01,0.95,NASA_POWER_MERRA2
23.204706,92.533825,2025-06-01,0.95,NASA_POWER_MERRA2
23.251004,92.63667,2025-06-01,0.95,NASA_POWER_MERRA2
23.234898,92.911307,2025-06-01,0.93,NASA_POWER_MERRA2
23.225619,92.924909,2025-06-01,0.93,NASA_POWER_MERRA2
23.223807,92.944448,2025-06-01,0.93,NASA_POWER_MERRA2
23.21795,92.998007,2025-06-01,0.93,NASA_POWER_MERRA2
23.217324,92.99812,2025-06-01,0.93,NASA_POWER_MERRA2
23.19917,93.000199,2025-06-01,0.93,NASA_POWER_MERRA2
23.1915,93.011024,2025-05-31,0.92,NASA_POWER_MERRA2
23.183361,93.066742,2025-05-31,0.92,NASA_POWER_MERRA2
23.241722,93.098254,2025-05-30,0.91,NASA_POWER_MERRA2
23.229765,93.127521,2025-05-31,0.92,NASA_POWER_MERRA2
23.2066,93.148665,2025-06-01,0.93,NASA_POWER_MERRA2
23.197704,93.163019,2025-05-31,0.92,NASA_POWER_MERRA2
23.198136,93.166988,2025-06-01,0.93,NASA_POWER_MERRA2
23.177311,93.198157,2025-06-01,0.93,NASA_POWER_MERRA2
23.148209,93.321183,2025-05-31,0.92,NASA_POWER_MERRA2
23.14788,93.323791,2025-06-01,0.93,NASA_POWER_MERRA2
23.527592,92.984969,2025-05-31,0.94,NASA_POWER_MERRA2
23.760466,92.848969,2025-05-31,0.95,NASA_POWER_MERRA2
23.807952,92.834037,2025-06-01,0.95,NASA_POWER_MERRA2
24.285871,92.94599,2025-06-14,0.86,NASA_POWER_MERRA2
24.288014,92.946017,2025-06-14,0.86,NASA_POWER_MERRA2
24.354658,92.925511,2025-05-29,0.83,NASA_POWER_MERRA2
24.365715,92.930137,2025-06-01,0.95,NASA_POWER_MERRA2
23.747519,92.853155,2025-06-15,0.89,NASA_POWER_MERRA2
24.80375556,92.733375,2018-04-28,0.79,NASA_POWER_MERRA2
22.87355833,92.75595278,2019-07-02,0.82,NASA_POWER_MERRA2
24.73197222,92.75988889,2020-02-02,0.7,NASA_POWER_MERRA2
23.74150833,92.70785833,2023-06-04,0.49,NASA_POWER_MERRA2
23.60830556,92.85058333,2016-09-17,0.89,NASA_POWER_MERRA2
23.47,92.7215,2024-05-25,0.65,NASA_POWER_MERRA2
23.4688,92.7208,2025-01-02,0.64,NASA_POWER_MERRA2
23.4807,92.7025,2025-09-13,0.94,NASA_POWER_MERRA2
23.4855,92.7033,2024-07-02,0.97,NASA_POWER_MERRA2
23.4946,92.7044,2024-08-25,0.97,NASA_POWER_MERRA2
23.239287,92.74818,2025-06-02,0.94,NASA_POWER_MERRA2
23.237356,92.744978,2025-06-05,0.93,NASA_POWER_MERRA2
23.230114,92.740067,2025-06-02,0.94,NASA_POWER_MERRA2
23.229731,92.73968,2025-05-24,0.77,NASA_POWER_MERRA2
23.226843,92.740266,2025-06-02,0.94,NASA_POWER_MERRA2
23.225357,92.74039,2025-06-06,0.92,NASA_POWER_MERRA2
23.204595,92.73861,2025-06-03,0.93,NASA_POWER_MERRA2
23.201335,92.734857,2025-06-02,0.94,NASA_POWER_MERRA2
23.201614,92.734453,2025-06-02,0.94,NASA_POWER_MERRA2
23.201759,92.734328,2025-06-02,0.94,NASA_POWER_MERRA2
23.199924,92.73481,2025-06-02,0.94,NASA_POWER_MERRA2
23.197825,92.73502,2025-06-15,0.9,NASA_POWER_MERRA2
23.193237,92.734819,2025-06-02,0.94,NASA_POWER_MERRA2
23.191775,92.734778,2025-06-06,0.92,NASA_POWER_MERRA2
23.191747,92.73459,2025-06-02,0.94,NASA_POWER_MERRA2
23.188245,92.734327,2025-06-02,0.94,NASA_POWER_MERRA2
23.18675,92.735178,2025-06-02,0.94,NASA_POWER_MERRA2
23.186501,92.735632,2025-09-13,0.94,NASA_POWER_MERRA2
23.186296,92.7356,2025-09-13,0.94,NASA_POWER_MERRA2
23.186133,92.735682,2025-09-13,0.94,NASA_POWER_MERRA2
23.184091,92.738895,2025-06-01,0.95,NASA_POWER_MERRA2
23.174341,92.740855,2025-09-13,0.94,NASA_POWER_MERRA2
23.164812,92.743396,2025-06-02,0.94,NASA_POWER_MERRA2
23.152289,92.746243,2025-05-30,0.94,NASA_POWER_MERRA2
23.147798,92.749742,2025-09-13,0.94,NASA_POWER_MERRA2
23.144687,92.750609,2025-06-06,0.92,NASA_POWER_MERRA2
23.141474,92.750577,2025-05-29,0.91,NASA_POWER_MERRA2
23.139887,92.751646,2025-05-30,0.94,NASA_POWER_MERRA2
23.134961,92.747843,2025-05-30,0.94,NASA_POWER_MERRA2
23.131999,92.744413,2025-09-13,0.94,NASA_POWER_MERRA2
23.11239,92.745417,2025-06-01,0.95,NASA_POWER_MERRA2
23.113126,92.74564,2025-06-02,0.94,NASA_POWER_MERRA2
23.108018,92.746279,2025-05-30,0.94,NASA_POWER_MERRA2
23.10565,92.745979,2025-05-30,0.94,NASA_POWER_MERRA2
23.104623,92.747711,2025-06-01,0.95,NASA_POWER_MERRA2
23.100785,92.751508,2025-05-30,0.94,NASA_POWER_MERRA2
23.099615,92.752199,2025-06-06,0.92,NASA_POWER_MERRA2
23.09459,92.753733,2025-09-13,0.94,NASA_POWER_MERRA2
23.092076,92.752286,2025-09-13,0.94,NASA_POWER_MERRA2
23.074255,92.76222,2025-06-01,0.95,NASA_POWER_MERRA2
23.069585,92.765797,2025-05-31,0.93,NASA_POWER_MERRA2
23.067473,92.767201,2025-05-30,0.94,NASA_POWER_MERRA2
23.063838,92.769004,2025-06-15,0.9,NASA_POWER_MERRA2
23.061745,92.770105,2025-05-30,0.94,NASA_POWER_MERRA2
25.63861,94.115,2007-08-11,0.65,NASA_POWER_MERRA2
25.66083,94.10278,2008-08-02,0.76,NASA_POWER_MERRA2
25.66667,94.10972,2007-08-12,0.66,NASA_POWER_MERRA2
25.66917,94.10722,2008-08-16,0.84,NASA_POWER_MERRA2
26.10694722,94.25328889,2021-09-18,0.87,NASA_POWER_MERRA2
26.36083,94.84,2009-06-04,0.75,NASA_POWER_MERRA2
26.37639,94.84056,2009-06-20,0.75,NASA_POWER_MERRA2
26.38778,94.82583,2009-07-27,0.83,NASA_POWER_MERRA2
26.38778,94.82583,2009-08-20,0.96,NASA_POWER_MERRA2
26.39094,94.94406,2013-08-16,0.96,NASA_POWER_MERRA2
26.39936,94.94553,2023-08-17,0.91,NASA_POWER_MERRA2
26.40653,94.95814,2013-08-17,0.95,NASA_POWER_MERRA2
26.40908,94.96308,2013-08-17,0.95,NASA_POWER_MERRA2
26.41931,94.97369,2013-08-18,0.93,NASA_POWER_MERRA2
26.70675,94.70475,2013-08-11,0.92,NASA_POWER_MERRA2
26.70744,94.70858,2013-08-11,0.92,NASA_POWER_MERRA2
25.7802266,93.936165,2024-09-03,0.85,NASA_POWER_MERRA2
25.7746019,93.9148756,2024-09-03,0.85,NASA_POWER_MERRA2
25.8816564,94.1902346,2025-01-19,0.77,NASA_POWER_MERRA2
26.4231373,94.3822611,2025-07-07,0.89,NASA_POWER_MERRA2
25.623067,94.114196,2025-07-07,0.9,NASA_POWER_MERRA2
26.4527822,94.375268,2025-07-08,0.87,NASA_POWER_MERRA2
26.4219453,94.3854377,2025-07-07,0.89,NASA_POWER_MERRA2
26.4242282,94.3924136,2025-07-05,0.93,NASA_POWER_MERRA2
26.42608,94.398916,2025-07-07,0.89,NASA_POWER_MERRA2
25.6125,94.1272,2024-07-06,0.88,NASA_POWER_MERRA2
26.08945,94.264217,2024-07-23,0.92,NASA_POWER_MERRA2
25.71711111,94.08561111,2017-10-29,0.94,NASA_POWER_MERRA2
25.712031,94.089791,2022-09-12,0.9,NASA_POWER_MERRA2
25.7491204,94.0804548,2022-09-25,0.86,NASA_POWER_MERRA2
25.7179491,94.0917724,2022-09-28,0.87,NASA_POWER_MERRA2
25.770055,93.937873,2022-10-15,0.75,NASA_POWER_MERRA2
25.771451,93.907041,2022-09-30,0.73,NASA_POWER_MERRA2
25.770064,93.937891,2022-11-12,0.69,NASA_POWER_MERRA2
25.66754722,94.08075278,2023-10-02,0.84,NASA_POWER_MERRA2
25.85442778,94.15844444,2018-08-23,0.95,NASA_POWER_MERRA2
25.857991,94.159346,2018-08-23,0.95,NASA_POWER_MERRA2
25.52036,94.1311201,2024-06-01,0.76,NASA_POWER_MERRA2
25.52164,94.13426,2024-06-01,0.76,NASA_POWER_MERRA2
25.525094,94.135798,2024-06-01,0.76,NASA_POWER_MERRA2
25.538422,94.136039,2024-06-01,0.76,NASA_POWER_MERRA2
25.5651,94.1390034,2024-06-01,0.76,NASA_POWER_MERRA2
25.6032619,94.1122188,2024-06-01,0.76,NASA_POWER_MERRA2
25.62154,94.1122,2024-06-01,0.76,NASA_POWER_MERRA2
25.6291966,94.10177,2024-06-01,0.76,NASA_POWER_MERRA2
25.6387,94.10979,2024-06-01,0.76,NASA_POWER_MERRA2
25.648759,94.10616,2024-06-01,0.76,NASA_POWER_MERRA2
26.45278,94.37526,2025-07-08,0.87,NASA_POWER_MERRA2
26.423137,94.382261,2025-07-07,0.89,NASA_POWER_MERRA2
26.42186,94.3852,2025-07-07,0.89,NASA_POWER_MERRA2
26.425346,94.387013,2025-07-07,0.89,NASA_POWER_MERRA2
26.383648,94.440751,2025-07-29,0.92,NASA_POWER_MERRA2
26.384347,94.443397,2024-07-01,0.88,NASA_POWER_MERRA2
26.387181,94.444132,2025-08-01,0.9,NASA_POWER_MERRA2
26.379798,94.450751,2025-07-07,0.89,NASA_POWER_MERRA2
25.68176111,94.06811944,2019-10-26,0.96,NASA_POWER_MERRA2
26.07256,93.928,2019-05-09,0.67,NASA_POWER_MERRA2
26.10694722,94.25328889,2021-09-18,0.87,NASA_POWER_MERRA2
27.23772,88.51384,2014-08-26,0.9,NASA_POWER_MERRA2
27.24144,88.60681,2017-07-09,0.92,NASA_POWER_MERRA2
27.28408,88.54611,2013-08-28,0.88,NASA_POWER_MERRA2
27.31892,88.16222,2013-09-01,0.91,NASA_POWER_MERRA2
27.4097,88.54371,2014-06-24,0.71,NASA_POWER_MERRA2
27.48603,88.53269,2014-07-08,0.77,NASA_POWER_MERRA2
27.5091,88.53848,2014-07-01,0.78,NASA_POWER_MERRA2
27.179,88.53313889,2015-07-08,0.81,NASA_POWER_MERRA2
27.46166,88.52341,2015-06-01,0.61,NASA_POWER_MERRA2
27.33208,88.50902,2015-07-11,0.8,NASA_POWER_MERRA2
27.39866667,88.62358333,2020-05-24,0.83,NASA_POWER_MERRA2
27.39838889,88.62566667,2020-05-24,0.83,NASA_POWER_MERRA2
27.27458333,88.55002778,2021-10-19,0.95,NASA_POWER_MERRA2
27.33941667,88.60990556,2021-06-06,0.87,NASA_POWER_MERRA2
27.3699335,88.4859279,2021-08-23,0.95,NASA_POWER_MERRA2
27.2533846,88.5489504,2021-08-22,0.94,NASA_POWER_MERRA2
27.28666667,88.55347222,2021-08-27,0.95,NASA_POWER_MERRA2
27.33972222,88.62055556,2021-06-08,0.86,NASA_POWER_MERRA2
27.37055556,88.61611111,2021-06-05,0.85,NASA_POWER_MERRA2
27.61936111,88.66131389,2021-06-18,0.91,NASA_POWER_MERRA2
27.32888889,88.60777778,2021-05-18,0.78,NASA_POWER_MERRA2
27.236,88.75722222,2021-08-01,0.94,NASA_POWER_MERRA2
27.28577778,88.5535,2021-08-27,0.95,NASA_POWER_MERRA2
27.28847,88.30139,2022-07-10,0.91,NASA_POWER_MERRA2
27.30140833,88.3916,2022-11-18,0.85,NASA_POWER_MERRA2
27.14871944,88.28128889,2022-11-20,0.76,NASA_POWER_MERRA2
27.37211111,88.61671944,2022-05-29,0.85,NASA_POWER_MERRA2
27.24883333,88.60191667,2022-10-10,0.92,NASA_POWER_MERRA2
27.21391667,88.60833333,2022-08-25,0.9,NASA_POWER_MERRA2
27.24297222,88.47055556,2022-06-15,0.93,NASA_POWER_MERRA2
27.40251944,88.51868056,2023-10-04,0.93,NASA_POWER_MERRA2
27.2525,88.4606,2024-08-21,0.93,NASA_POWER_MERRA2
27.4432,88.6087,2024-07-21,0.94,NASA_POWER_MERRA2
27.327977,88.152281,2025-09-11,0.93,NASA_POWER_MERRA2
27.372611,88.541022,2025-07-19,0.88,NASA_POWER_MERRA2
27.33787,88.609377,2025-07-31,0.91,NASA_POWER_MERRA2
27.26063889,88.71438889,2012-06-07,0.54,NASA_POWER_MERRA2
27.26616667,88.72697222,2012-06-07,0.54,NASA_POWER_MERRA2
27.26544444,88.72252778,2012-06-07,0.54,NASA_POWER_MERRA2
27.59027778,88.65394444,2012-06-26,0.63,NASA_POWER_MERRA2
27.57502778,88.65402778,2012-06-22,0.61,NASA_POWER_MERRA2
27.56111111,88.65452778,2012-06-22,0.61,NASA_POWER_MERRA2
27.52838889,88.59972222,2012-06-22,0.61,NASA_POWER_MERRA2
27.56941667,88.65272222,2012-06-22,0.61,NASA_POWER_MERRA2
27.51491667,88.56313889,2012-07-17,0.71,NASA_POWER_MERRA2
27.51444444,88.56777778,2009-05-09,0.5,NASA_POWER_MERRA2
23.793444,91.552056,2018-05-20,0.93,NASA_POWER_MERRA2
23.794253,91.553533,2018-05-20,0.93,NASA_POWER_MERRA2
23.85417,91.34361,2009-07-10,0.84,NASA_POWER_MERRA2
23.980333,91.475278,2018-05-18,0.94,NASA_POWER_MERRA2
24.003417,91.45425,2018-05-18,0.94,NASA_POWER_MERRA2
24.325444,94.232583,2018-05-18,0.65,NASA_POWER_MERRA2
24.781694,93.776056,2018-05-18,0.73,NASA_POWER_MERRA2
24.791306,93.735667,2018-05-18,0.73,NASA_POWER_MERRA2
24.16966667,91.76686111,2017-06-03,0.95,NASA_POWER_MERRA2
23.22966667,91.49532222,2021-08-25,0.95,NASA_POWER_MERRA2
23.802772,91.272189,2026-05-30,0.89,NASA_POWER_MERRA2
